UF,Ano,CD_Municipio,Municipio,Zona,Tipo_Problema,Detalhe,Votos_Afetados,Pct_Votos_Municipio
AM,2000,98370,ITAMARATI,21,ZONA_EM_OUTRO_MUNICIPIO_2006,Zona vinculada em 2006 a: CARAUARI,2806,100.0
AM,2004,2372,SANTA ISABEL DO RIO NEGRO,30,MUNICIPIO_SEM_ZONA_2006,Municipio existe em 2006 mas sem esta zona,3590,100.0
BA,2000,34371,CARAVELAS,112,ZONA_EM_OUTRO_MUNICIPIO_2006,"Zona vinculada em 2006 a: ALCOBAÇA, PRADO",9941,100.0
BA,2000,35998,ITACARÉ,198,ZONA_EM_OUTRO_MUNICIPIO_2006,Zona vinculada em 2006 a: URUÇUCA,6344,100.0
BA,2000,36870,LENÇÓIS,89,ZONA_EM_OUTRO_MUNICIPIO_2006,Zona vinculada em 2006 a: PALMEIRAS,3953,100.0
CE,2000,13404,BARROQUINHA,32,ZONA_EM_OUTRO_MUNICIPIO_2006,Zona vinculada em 2006 a: CAMOCIM,9239,100.0
CE,2000,15911,FORQUILHA,24,ZONA_EM_OUTRO_MUNICIPIO_2006,"Zona vinculada em 2006 a: ALCÂNTARAS, SOBRAL",10700,100.0
CE,2000,13064,GRAÇA,22,ZONA_EM_OUTRO_MUNICIPIO_2006,"Zona vinculada em 2006 a: CARNAUBAL, SÃO BENEDITO",7185,100.0
CE,2000,13340,IPAPORANGA,48,ZONA_EM_OUTRO_MUNICIPIO_2006,"Zona vinculada em 2006 a: ARARENDÁ, NOVA RUSSAS",6308,100.0
CE,2000,13021,MADALENA,11,ZONA_EM_OUTRO_MUNICIPIO_2006,Zona vinculada em 2006 a: QUIXERAMOBIM,7541,100.0
CE,2000,15130,PENAFORTE,70,ZONA_EM_OUTRO_MUNICIPIO_2006,Zona vinculada em 2006 a: BREJO SANTO,4358,100.0
CE,2000,13269,POTIRETAMA,95,ZONA_EM_OUTRO_MUNICIPIO_2006,"Zona vinculada em 2006 a: ERERÉ, IRACEMA",3476,100.0
CE,2000,13102,QUITERIANÓPOLIS,39,ZONA_EM_OUTRO_MUNICIPIO_2006,Zona vinculada em 2006 a: INDEPENDÊNCIA,10568,100.0
CE,2000,98558,UMIRIM,23,ZONA_EM_OUTRO_MUNICIPIO_2006,"Zona vinculada em 2006 a: TURURU, URUBURETAMA",9365,100.0
GO,2000,93343,AGUAS LINDAS,139,MUNICIPIO_INEXISTENTE_2006,Municipio nao encontrado na base 2006 (nome/criacao),26005,100.0
GO,2000,92940,ALTO HORIZONTE,88,ZONA_EM_OUTRO_MUNICIPIO_2006,"Zona vinculada em 2006 a: AMARALINA, MARA ROSA",2145,100.0
GO,2000,93122,CALDAZINHA,32,ZONA_EM_OUTRO_MUNICIPIO_2006,Zona vinculada em 2006 a: BELA VISTA DE GOIÁS,2082,100.0
GO,2000,92924,CHAPADÃO DO CÉU,96,ZONA_EM_OUTRO_MUNICIPIO_2006,"Zona vinculada em 2006 a: APORÉ, ITAJÁ, LAGOA SANTA",1853,100.0
GO,2000,93025,CIDADE OCIDENTAL,19,ZONA_EM_OUTRO_MUNICIPIO_2006,Zona vinculada em 2006 a: LUZIÂNIA,17428,100.0
GO,2000,92126,COLINAS DO SUL,143,ZONA_EM_OUTRO_MUNICIPIO_2006,"Zona vinculada em 2006 a: ALTO PARAÍSO DE GOIÁS, SÃO JOÃO D ALIANÇA",2958,100.0
GO,2000,93165,INACIOLÂNDIA,138,ZONA_EM_OUTRO_MUNICIPIO_2006,Zona vinculada em 2006 a: ITUMBIARA,3594,100.0
GO,2000,93084,NOVA IGUAÇU DE GOIÁS,88,ZONA_EM_OUTRO_MUNICIPIO_2006,"Zona vinculada em 2006 a: AMARALINA, MARA ROSA",1870,100.0
GO,2000,94951,NOVA ROMA,11,ZONA_EM_OUTRO_MUNICIPIO_2006,"Zona vinculada em 2006 a: CABECEIRAS, FLORES DE GOIÁS, FORMOSA, VILA BOA",2324,100.0
GO,2000,93327,NOVO GAMA,139,ZONA_EM_OUTRO_MUNICIPIO_2006,"Zona vinculada em 2006 a: CIDADE OCIDENTAL, LUZIÂNIA",25827,100.0
GO,2000,93041,PROFESSOR JAMIL,25,ZONA_EM_OUTRO_MUNICIPIO_2006,Zona vinculada em 2006 a: PIRACANJUBA,2531,100.0
GO,2000,96776,SANTO ANTÔNIO DO DESCOBERTO,139,ZONA_EM_OUTRO_MUNICIPIO_2006,"Zona vinculada em 2006 a: CIDADE OCIDENTAL, LUZIÂNIA",22848,100.0
GO,2000,92703,SENADOR CANEDO,135,ZONA_EM_OUTRO_MUNICIPIO_2006,Zona vinculada em 2006 a: GOIÂNIA,27213,100.0
GO,2000,92665,SÃO MIGUEL DO PASSA QUATRO,31,ZONA_EM_OUTRO_MUNICIPIO_2006,"Zona vinculada em 2006 a: GAMELEIRA DE GOIÁS, SILVÂNIA",2519,100.0
GO,2000,93300,VALPARAISO,139,MUNICIPIO_INEXISTENTE_2006,Municipio nao encontrado na base 2006 (nome/criacao),29673,100.0
MG,2000,40592,ANTÔNIO DIAS,98,ZONA_EM_OUTRO_MUNICIPIO_2006,"Zona vinculada em 2006 a: JAGUARAÇU, MARLIÉRIA, TIMÓTEO",6235,100.0
MG,2000,40894,ARINOS,280,ZONA_EM_OUTRO_MUNICIPIO_2006,"Zona vinculada em 2006 a: CABECEIRA GRANDE, UNAÍ",8939,100.0
MG,2000,41173,BARROSO,24,ZONA_EM_OUTRO_MUNICIPIO_2006,"Zona vinculada em 2006 a: ANTÔNIO CARLOS, BIAS FORTES, IBERTIOGA, PIEDADE DO RIO GRANDE, SANTA RITA DE IBITIPOCA",12932,100.0
MG,2000,41270,BELO VALE,85,ZONA_EM_OUTRO_MUNICIPIO_2006,Zona vinculada em 2006 a: CONGONHAS,5450,100.0
MG,2000,41637,BONFINÓPOLIS DE MINAS,151,ZONA_EM_OUTRO_MUNICIPIO_2006,"Zona vinculada em 2006 a: BRASILÂNDIA DE MINAS, JOÃO PINHEIRO",4140,100.0
MG,2000,41858,BURITIS,280,ZONA_EM_OUTRO_MUNICIPIO_2006,"Zona vinculada em 2006 a: CABECEIRA GRANDE, UNAÍ",11451,100.0
MG,2000,41912,CACHOEIRA DA PRATA,263,ZONA_EM_OUTRO_MUNICIPIO_2006,Zona vinculada em 2006 a: SETE LAGOAS,3022,100.0
MG,2000,42277,CAMPO FLORIDO,277,ZONA_EM_OUTRO_MUNICIPIO_2006,"Zona vinculada em 2006 a: UBERABA, VERÍSSIMO",3962,100.0
MG,2000,42293,CAMPOS ALTOS,126,ZONA_EM_OUTRO_MUNICIPIO_2006,"Zona vinculada em 2006 a: IBIÁ, PRATINHA",7323,100.0
MG,2000,41882,CHAPADA GAÚCHA,252,ZONA_EM_OUTRO_MUNICIPIO_2006,"Zona vinculada em 2006 a: ICARAÍ DE MINAS, PINTÓPOLIS, SÃO FRANCISCO",4307,100.0
MG,2000,43290,CLARO DOS POÇÕES,44,ZONA_EM_OUTRO_MUNICIPIO_2006,"Zona vinculada em 2006 a: BOCAIÚVA, ENGENHEIRO NAVARRO, FRANCISCO DUMONT, GUARACIAMA, OLHOS D ÁGUA",5379,100.0
MG,2000,43036,CONCEIÇÃO DA BARRA DE MINAS,256,ZONA_EM_OUTRO_MUNICIPIO_2006,"Zona vinculada em 2006 a: LAGOA DOURADA, RITÁPOLIS, SANTA CRUZ DE MINAS, SÃO JOÃO DEL REI, SÃO TIAGO",2733,100.0
MG,2000,41920,CONFINS,157,ZONA_EM_OUTRO_MUNICIPIO_2006,Zona vinculada em 2006 a: LAGOA SANTA,3865,100.0
MG,2000,44156,CRUZÍLIA,20,ZONA_EM_OUTRO_MUNICIPIO_2006,Zona vinculada em 2006 a: BAEPENDI,8352,100.0
MG,2000,42048,DOM BOSCO,151,ZONA_EM_OUTRO_MUNICIPIO_2006,"Zona vinculada em 2006 a: BRASILÂNDIA DE MINAS, JOÃO PINHEIRO",3049,100.0
MG,2000,45233,FORMOSO,280,ZONA_EM_OUTRO_MUNICIPIO_2006,"Zona vinculada em 2006 a: CABECEIRA GRANDE, UNAÍ",4280,100.0
MG,2000,45276,FORTUNA DE MINAS,263,ZONA_EM_OUTRO_MUNICIPIO_2006,Zona vinculada em 2006 a: SETE LAGOAS,1631,100.0
MG,2000,42129,GLAUCILÂNDIA,317,ZONA_EM_OUTRO_MUNICIPIO_2006,Zona vinculada em 2006 a: MONTES CLAROS,2639,100.0
MG,2000,42242,INDAIABIRA,237,ZONA_EM_OUTRO_MUNICIPIO_2006,"Zona vinculada em 2006 a: MONTEZUMA, NINHEIRA, RIO PARDO DE MINAS, SANTO ANTÔNIO DO RETIRO, SÃO JOÃO DO PARAÍSO",3731,100.0
MG,2000,46132,INDIANÓPOLIS,16,ZONA_EM_OUTRO_MUNICIPIO_2006,Zona vinculada em 2006 a: ARAGUARI,2970,100.0
MG,2000,46159,INGAÍ,160,ZONA_EM_OUTRO_MUNICIPIO_2006,"Zona vinculada em 2006 a: IJACI, LAVRAS, LUMINÁRIAS, RIBEIRÃO VERMELHO",1833,100.0
MG,2000,46191,INHAÚMA,263,ZONA_EM_OUTRO_MUNICIPIO_2006,Zona vinculada em 2006 a: SETE LAGOAS,3155,100.0
MG,2000,46299,IPUIÚNA,57,ZONA_EM_OUTRO_MUNICIPIO_2006,Zona vinculada em 2006 a: CALDAS,6429,100.0
MG,2000,46310,IRAÍ DE MINAS,181,ZONA_EM_OUTRO_MUNICIPIO_2006,"Zona vinculada em 2006 a: DOURADOQUARA, MONTE CARMELO, ROMARIA",3827,100.0
MG,2000,46396,ITACAMBIRA,317,ZONA_EM_OUTRO_MUNICIPIO_2006,Zona vinculada em 2006 a: MONTES CLAROS,2877,100.0
MG,2000,46850,ITUMIRIM,160,ZONA_EM_OUTRO_MUNICIPIO_2006,"Zona vinculada em 2006 a: IJACI, LAVRAS, LUMINÁRIAS, RIBEIRÃO VERMELHO",4356,100.0
MG,2000,46892,ITUTINGA,160,ZONA_EM_OUTRO_MUNICIPIO_2006,"Zona vinculada em 2006 a: IJACI, LAVRAS, LUMINÁRIAS, RIBEIRÃO VERMELHO",2780,100.0
MG,2000,46990,JAGUARAÇU,251,ZONA_EM_OUTRO_MUNICIPIO_2006,"Zona vinculada em 2006 a: DIONÍSIO, SÃO DOMINGOS DO PRATA, SÃO JOSÉ DO GOIABAL",2213,100.0
MG,2000,47090,JEQUERI,225,ZONA_EM_OUTRO_MUNICIPIO_2006,"Zona vinculada em 2006 a: ACAIACA, AMPARO DO SERRA, BARRA LONGA, GUARACIABA, RIO DOCE",8795,100.0
MG,2000,47350,JURAMENTO,317,ZONA_EM_OUTRO_MUNICIPIO_2006,Zona vinculada em 2006 a: MONTES CLAROS,2841,100.0
MG,2000,40940,JUVENÍLIA,166,ZONA_EM_OUTRO_MUNICIPIO_2006,"Zona vinculada em 2006 a: JAÍBA, MANGA, MATIAS CARDOSO, MIRAVÂNIA, SÃO JOÃO DAS MISSÕES",3587,100.0
MG,2000,47490,LAGOA FORMOSA,210,ZONA_EM_OUTRO_MUNICIPIO_2006,"Zona vinculada em 2006 a: PATOS DE MINAS, SÃO GONÇALO DO ABAETÉ, VARJÃO DE MINAS",11494,100.0
MG,2000,48054,MARLIÉRIA,251,ZONA_EM_OUTRO_MUNICIPIO_2006,"Zona vinculada em 2006 a: DIONÍSIO, SÃO DOMINGOS DO PRATA, SÃO JOSÉ DO GOIABAL",3003,100.0
MG,2000,48097,MARTINHO CAMPOS,219,ZONA_EM_OUTRO_MUNICIPIO_2006,"Zona vinculada em 2006 a: CONCEIÇÃO DO PARÁ, LEANDRO FERREIRA, MARAVILHAS, PAPAGAIOS, PITANGUI",7697,100.0
MG,2000,48372,MINDURI,14,ZONA_EM_OUTRO_MUNICIPIO_2006,"Zona vinculada em 2006 a: ANDRELÂNDIA, ARANTINA, BOM JARDIM DE MINAS, CARRANCAS, MADRE DE DEUS DE MINAS",2743,100.0
MG,2000,48453,MOEDA,52,ZONA_EM_OUTRO_MUNICIPIO_2006,Zona vinculada em 2006 a: BRUMADINHO,3248,100.0
MG,2000,48534,MONTALVÂNIA,166,ZONA_EM_OUTRO_MUNICIPIO_2006,"Zona vinculada em 2006 a: JAÍBA, MANGA, MATIAS CARDOSO, MIRAVÂNIA, SÃO JOÃO DAS MISSÕES",8633,100.0
MG,2000,41106,NATALÂNDIA,151,ZONA_EM_OUTRO_MUNICIPIO_2006,"Zona vinculada em 2006 a: BRASILÂNDIA DE MINAS, JOÃO PINHEIRO",2581,100.0
MG,2000,48895,NAZARENO,256,ZONA_EM_OUTRO_MUNICIPIO_2006,"Zona vinculada em 2006 a: LAGOA DOURADA, RITÁPOLIS, SANTA CRUZ DE MINAS, SÃO JOÃO DEL REI, SÃO TIAGO",4756,100.0
MG,2000,48992,NOVA PONTE,181,ZONA_EM_OUTRO_MUNICIPIO_2006,"Zona vinculada em 2006 a: DOURADOQUARA, MONTE CARMELO, ROMARIA",5521,100.0
MG,2000,41165,NOVA PORTEIRINHA,226,ZONA_EM_OUTRO_MUNICIPIO_2006,"Zona vinculada em 2006 a: CATUTI, PAI PEDRO, PORTEIRINHA, RIACHO DOS MACHADOS, SERRANÓPOLIS DE MINAS",4237,100.0
MG,2000,49131,OLIVEIRA FORTES,25,ZONA_EM_OUTRO_MUNICIPIO_2006,"Zona vinculada em 2006 a: ALFREDO VASCONCELOS, DESTERRO DO MELO, RESSAQUINHA, SANTANA DO GARAMBÉU, SANTA BÁRBARA DO TUGÚRIO",1685,100.0
MG,2000,41262,PADRE CARVALHO,120,ZONA_EM_OUTRO_MUNICIPIO_2006,"Zona vinculada em 2006 a: BOTUMIRIM, CRISTÁLIA, GRÃO MOGOL, JOSENÓPOLIS",2905,100.0
MG,2000,49310,PAIVA,25,ZONA_EM_OUTRO_MUNICIPIO_2006,"Zona vinculada em 2006 a: ALFREDO VASCONCELOS, DESTERRO DO MELO, RESSAQUINHA, SANTANA DO GARAMBÉU, SANTA BÁRBARA DO TUGÚRIO",1264,100.0
MG,2000,50032,PIEDADE DE PONTE NOVA,225,ZONA_EM_OUTRO_MUNICIPIO_2006,"Zona vinculada em 2006 a: ACAIACA, AMPARO DO SERRA, BARRA LONGA, GUARACIABA, RIO DOCE",3010,100.0
MG,2000,50059,PIEDADE DO RIO GRANDE,14,ZONA_EM_OUTRO_MUNICIPIO_2006,"Zona vinculada em 2006 a: ANDRELÂNDIA, ARANTINA, BOM JARDIM DE MINAS, CARRANCAS, MADRE DE DEUS DE MINAS",3302,100.0
MG,2000,50733,QUARTEL GERAL,104,ZONA_EM_OUTRO_MUNICIPIO_2006,"Zona vinculada em 2006 a: DORES DO INDAIÁ, ESTRELA DO INDAIÁ, SERRA DA SAUDADE",2593,100.0
MG,2000,40606,RIACHINHO,285,ZONA_EM_OUTRO_MUNICIPIO_2006,"Zona vinculada em 2006 a: SANTA FÉ DE MINAS, SÃO ROMÃO",4214,100.0
MG,2000,51535,SANTA JULIANA,291,ZONA_EM_OUTRO_MUNICIPIO_2006,"Zona vinculada em 2006 a: PEDRINÓPOLIS, PERDIZES",5506,100.0
MG,2000,51837,SANTA RITA DE CALDAS,57,ZONA_EM_OUTRO_MUNICIPIO_2006,Zona vinculada em 2006 a: CALDAS,5837,100.0
MG,2000,51934,SANTA ROSA DA SERRA,254,ZONA_EM_OUTRO_MUNICIPIO_2006,"Zona vinculada em 2006 a: MATUTINA, SÃO GOTARDO",2317,100.0
MG,2000,53031,SAO TOME DAS LETRAS,20,MUNICIPIO_INEXISTENTE_2006,Municipio nao encontrado na base 2006 (nome/criacao),3887,100.0
MG,2000,53554,SOLEDADE DE MINAS,75,ZONA_EM_OUTRO_MUNICIPIO_2006,"Zona vinculada em 2006 a: CARMO DE MINAS, DOM VIÇOSO",3743,100.0
MG,2000,41602,SÃO JOÃO DAS MISSÕES,148,ZONA_EM_OUTRO_MUNICIPIO_2006,"Zona vinculada em 2006 a: BONITO DE MINAS, CÔNEGO MARINHO, ITACARAMBI, JANUÁRIA, PEDRAS DE MARIA DA CRUZ",3932,100.0
MG,2000,52850,SÃO ROQUE DE MINAS,220,ZONA_EM_OUTRO_MUNICIPIO_2006,"Zona vinculada em 2006 a: CAPITÓLIO, DORESÓPOLIS, PIUMHI",4187,100.0
MG,2000,52990,SÃO TIAGO,46,ZONA_EM_OUTRO_MUNICIPIO_2006,"Zona vinculada em 2006 a: BOM SUCESSO, IBITURUNA, SANTO ANTÔNIO DO AMPARO",6842,100.0
MG,2000,53775,TIROS,254,ZONA_EM_OUTRO_MUNICIPIO_2006,"Zona vinculada em 2006 a: MATUTINA, SÃO GOTARDO",4553,100.0
MG,2000,53937,TURMALINA,177,ZONA_EM_OUTRO_MUNICIPIO_2006,"Zona vinculada em 2006 a: BERILO, CHAPADA DO NORTE, FRANCISCO BADARÓ, JENIPAPO DE MINAS, JOSÉ GONÇALVES DE MINAS",8165,100.0
MG,2000,53953,TURVOLÂNDIA,253,ZONA_EM_OUTRO_MUNICIPIO_2006,"Zona vinculada em 2006 a: CAREAÇU, CORDISLÂNDIA, HELIODORA, SÃO GONÇALO DO SAPUCAÍ",2434,100.0
MG,2000,42463,URUANA DE MINAS,280,ZONA_EM_OUTRO_MUNICIPIO_2006,"Zona vinculada em 2006 a: CABECEIRA GRANDE, UNAÍ",2454,100.0
MG,2000,40886,URUCUIA,252,ZONA_EM_OUTRO_MUNICIPIO_2006,"Zona vinculada em 2006 a: ICARAÍ DE MINAS, PINTÓPOLIS, SÃO FRANCISCO",4195,100.0
MG,2000,54097,URUCÂNIA,225,ZONA_EM_OUTRO_MUNICIPIO_2006,"Zona vinculada em 2006 a: ACAIACA, AMPARO DO SERRA, BARRA LONGA, GUARACIABA, RIO DOCE",6109,100.0
MG,2000,54119,VARGEM BONITA,220,ZONA_EM_OUTRO_MUNICIPIO_2006,"Zona vinculada em 2006 a: CAPITÓLIO, DORESÓPOLIS, PIUMHI",1905,100.0
MG,2000,42544,VEREDINHA,177,ZONA_EM_OUTRO_MUNICIPIO_2006,"Zona vinculada em 2006 a: BERILO, CHAPADA DO NORTE, FRANCISCO BADARÓ, JENIPAPO DE MINAS, JOSÉ GONÇALVES DE MINAS",2902,100.0
MS,2000,91596,TERENOS,44,ZONA_EM_OUTRO_MUNICIPIO_2006,Zona vinculada em 2006 a: CAMPO GRANDE,7031,100.0
MT,2000,90077,ALTO GARÇAS,11,ZONA_EM_OUTRO_MUNICIPIO_2006,"Zona vinculada em 2006 a: ARIPUANÃ, COLNIZA",4980,100.0
MT,2000,90263,APIACÁS,24,ZONA_EM_OUTRO_MUNICIPIO_2006,"Zona vinculada em 2006 a: ALTA FLORESTA, CARLINDA, PARANAÍTA",3256,100.0
MT,2000,90271,ARIPUANÃ,35,ZONA_EM_OUTRO_MUNICIPIO_2006,"Zona vinculada em 2006 a: CASTANHEIRA, JUÍNA, RONDOLÂNDIA",5451,100.0
MT,2000,90905,BOM JESUS DO ARAGUAIA,15,ZONA_EM_OUTRO_MUNICIPIO_2006,"Zona vinculada em 2006 a: ALTO BOA VISTA, LUCIARA, NOVO SANTO ANTÔNIO, SÃO FÉLIX DO ARAGUAIA",1559,100.0
MT,2000,90468,BRASNORTE,60,ZONA_EM_OUTRO_MUNICIPIO_2006,Zona vinculada em 2006 a: CAMPO NOVO DO PARECIS,5271,100.0
MT,2000,90085,CANABRAVA DO NORTE,15,ZONA_EM_OUTRO_MUNICIPIO_2006,"Zona vinculada em 2006 a: ALTO BOA VISTA, LUCIARA, NOVO SANTO ANTÔNIO, SÃO FÉLIX DO ARAGUAIA",2438,100.0
MT,2000,89788,COLNIZA,35,ZONA_EM_OUTRO_MUNICIPIO_2006,"Zona vinculada em 2006 a: CASTANHEIRA, JUÍNA, RONDOLÂNDIA",4121,100.0
MT,2000,90280,CONFRESA,15,ZONA_EM_OUTRO_MUNICIPIO_2006,"Zona vinculada em 2006 a: ALTO BOA VISTA, LUCIARA, NOVO SANTO ANTÔNIO, SÃO FÉLIX DO ARAGUAIA",8581,100.0
MT,2000,90425,COTRIGUAÇU,35,ZONA_EM_OUTRO_MUNICIPIO_2006,"Zona vinculada em 2006 a: CASTANHEIRA, JUÍNA, RONDOLÂNDIA",3597,100.0
MT,2000,90670,CUIABÁ,38,ZONA_EM_OUTRO_MUNICIPIO_2006,"Zona vinculada em 2006 a: BARÃO DE MELGAÇO, SANTO ANTÔNIO DO LEVERGER",18502,7.08
MT,2000,90670,CUIABÁ,48,ZONA_EM_OUTRO_MUNICIPIO_2006,"Zona vinculada em 2006 a: COTRIGUAÇU, JURUENA",22800,8.72
MT,2000,90670,CUIABÁ,50,ZONA_EM_OUTRO_MUNICIPIO_2006,"Zona vinculada em 2006 a: APIACÁS, NOVA BANDEIRANTES, NOVA MONTE VERDE",26040,9.96
MT,2000,90670,CUIABÁ,53,ZONA_EM_OUTRO_MUNICIPIO_2006,"Zona vinculada em 2006 a: BOM JESUS DO ARAGUAIA, RIBEIRÃO CASCALHEIRA, SERRA NOVA DOURADA",17053,6.52
MT,2000,90670,CUIABÁ,56,ZONA_EM_OUTRO_MUNICIPIO_2006,Zona vinculada em 2006 a: BRASNORTE,15176,5.8
MT,2000,89800,CURVELÂNDIA,52,ZONA_EM_OUTRO_MUNICIPIO_2006,"Zona vinculada em 2006 a: LAMBARI D OESTE, RIO BRANCO, SALTO DO CÉU",3125,100.0
MT,2000,90476,CÁCERES,52,ZONA_EM_OUTRO_MUNICIPIO_2006,"Zona vinculada em 2006 a: LAMBARI D OESTE, RIO BRANCO, SALTO DO CÉU",14059,35.0
MT,2000,99058,GUARANTÃ DO NORTE,33,ZONA_EM_OUTRO_MUNICIPIO_2006,"Zona vinculada em 2006 a: MATUPÁ, NOVA GUARITA, PEIXOTO DE AZEVEDO, TERRA NOVA DO NORTE",12214,100.0
MT,2000,90581,JURUENA,35,ZONA_EM_OUTRO_MUNICIPIO_2006,"Zona vinculada em 2006 a: CASTANHEIRA, JUÍNA, RONDOLÂNDIA",2754,100.0
MT,2000,90603,LUCAS DO RIO VERDE,43,ZONA_EM_OUTRO_MUNICIPIO_2006,"Zona vinculada em 2006 a: NOVA UBIRATÃ, SORRISO",10697,100.0
MT,2000,91170,NOBRES,28,ZONA_EM_OUTRO_MUNICIPIO_2006,"Zona vinculada em 2006 a: CANABRAVA DO NORTE, CONFRESA, PORTO ALEGRE DO NORTE",8981,100.0
MT,2000,91197,NORTELÂNDIA,16,ZONA_EM_OUTRO_MUNICIPIO_2006,"Zona vinculada em 2006 a: SANTA CRUZ DO XINGU, SANTA TEREZINHA, SÃO JOSÉ DO XINGU, VILA RICA",5183,100.0
MT,2000,90387,NOVA BANDEIRANTE,24,MUNICIPIO_INEXISTENTE_2006,Municipio nao encontrado na base 2006 (nome/criacao),3399,100.0
MT,2000,90360,NOVA MONTE VERDE,24,ZONA_EM_OUTRO_MUNICIPIO_2006,"Zona vinculada em 2006 a: ALTA FLORESTA, CARLINDA, PARANAÍTA",3728,100.0
MT,2000,98795,NOVO HORIZONTE DO NORTE,21,ZONA_EM_OUTRO_MUNICIPIO_2006,"Zona vinculada em 2006 a: IPIRANGA DO NORTE, ITANHANGÁ, LUCAS DO RIO VERDE, TAPURAH",2398,100.0
MT,2000,90808,NOVO MUNDO,33,ZONA_EM_OUTRO_MUNICIPIO_2006,"Zona vinculada em 2006 a: MATUPÁ, NOVA GUARITA, PEIXOTO DE AZEVEDO, TERRA NOVA DO NORTE",2554,100.0
MT,2000,98779,NOVO SÃO JOAQUIM,47,ZONA_EM_OUTRO_MUNICIPIO_2006,"Zona vinculada em 2006 a: ARAGUAIANA, BARRA DO GARÇAS, GENERAL CARNEIRO, PONTAL DO ARAGUAIA, RIBEIRÃOZINHO",4666,100.0
MT,2000,98850,PORTO ALEGRE DO NORTE,15,ZONA_EM_OUTRO_MUNICIPIO_2006,"Zona vinculada em 2006 a: ALTO BOA VISTA, LUCIARA, NOVO SANTO ANTÔNIO, SÃO FÉLIX DO ARAGUAIA",4955,100.0
MT,2000,91359,PORTO DOS GAÚCHOS,21,ZONA_EM_OUTRO_MUNICIPIO_2006,"Zona vinculada em 2006 a: IPIRANGA DO NORTE, ITANHANGÁ, LUCAS DO RIO VERDE, TAPURAH",2943,100.0
MT,2000,89931,QUATRO MARCOS,42,MUNICIPIO_INEXISTENTE_2006,Municipio nao encontrado na base 2006 (nome/criacao),11441,100.0
MT,2000,90662,RIBEIRÃO CASCALHEIRA,31,ZONA_EM_OUTRO_MUNICIPIO_2006,"Zona vinculada em 2006 a: CANARANA, QUERÊNCIA",4396,100.0
MT,2000,89960,RONDOLÂNDIA,35,ZONA_EM_OUTRO_MUNICIPIO_2006,"Zona vinculada em 2006 a: CASTANHEIRA, JUÍNA",1792,100.0
MT,2000,90980,SANTA CRUZ DO XINGU,15,ZONA_EM_OUTRO_MUNICIPIO_2006,"Zona vinculada em 2006 a: ALTO BOA VISTA, LUCIARA, NOVO SANTO ANTÔNIO, SÃO FÉLIX DO ARAGUAIA",631,100.0
MT,2000,91979,SANTA TEREZINHA,15,ZONA_EM_OUTRO_MUNICIPIO_2006,"Zona vinculada em 2006 a: ALTO BOA VISTA, LUCIARA, NOVO SANTO ANTÔNIO, SÃO FÉLIX DO ARAGUAIA",3591,100.0
MT,2000,89843,SANTO ANTÔNIO DO LESTE,47,ZONA_EM_OUTRO_MUNICIPIO_2006,"Zona vinculada em 2006 a: ARAGUAIANA, BARRA DO GARÇAS, GENERAL CARNEIRO, PONTAL DO ARAGUAIA, RIBEIRÃOZINHO",1143,100.0
MT,2000,90921,SERRA NOVA DOURADA,15,ZONA_EM_OUTRO_MUNICIPIO_2006,"Zona vinculada em 2006 a: ALTO BOA VISTA, LUCIARA, NOVO SANTO ANTÔNIO, SÃO FÉLIX DO ARAGUAIA",605,100.0
MT,2000,90247,SÃO JOSÉ DO XINGU,15,ZONA_EM_OUTRO_MUNICIPIO_2006,"Zona vinculada em 2006 a: ALTO BOA VISTA, LUCIARA, NOVO SANTO ANTÔNIO, SÃO FÉLIX DO ARAGUAIA",2292,100.0
MT,2000,90220,TABAPORÃ,21,ZONA_EM_OUTRO_MUNICIPIO_2006,"Zona vinculada em 2006 a: IPIRANGA DO NORTE, ITANHANGÁ, LUCAS DO RIO VERDE, TAPURAH",2850,100.0
MT,2000,90689,TAPURA,7,MUNICIPIO_INEXISTENTE_2006,Municipio nao encontrado na base 2006 (nome/criacao),5096,100.0
MT,2000,98990,VILA RICA,15,ZONA_EM_OUTRO_MUNICIPIO_2006,"Zona vinculada em 2006 a: ALTO BOA VISTA, LUCIARA, NOVO SANTO ANTÔNIO, SÃO FÉLIX DO ARAGUAIA",7262,100.0
MT,2000,91677,VÁRZEA GRANDE,44,ZONA_EM_OUTRO_MUNICIPIO_2006,"Zona vinculada em 2006 a: GUARANTÃ DO NORTE, NOVO MUNDO",25871,24.13
PA,2000,4596,FARO,38,ZONA_EM_OUTRO_MUNICIPIO_2006,Zona vinculada em 2006 a: ORIXIMINÁ,3487,100.0
PA,2000,4790,LIMOEIRO DO AJURU,12,ZONA_EM_OUTRO_MUNICIPIO_2006,Zona vinculada em 2006 a: CAMETÁ,8443,100.0
PA,2000,4812,MAGALHÃES BARATA,32,ZONA_EM_OUTRO_MUNICIPIO_2006,Zona vinculada em 2006 a: MARAPANIM,4995,100.0
PA,2000,4600,NOVA IPIXUNA,56,ZONA_EM_OUTRO_MUNICIPIO_2006,Zona vinculada em 2006 a: ITUPIRANGA,6300,100.0
PA,2000,5193,PRAINHA,19,ZONA_EM_OUTRO_MUNICIPIO_2006,Zona vinculada em 2006 a: MONTE ALEGRE,10358,100.0
PA,2000,5371,SANTARÉM NOVO,31,ZONA_EM_OUTRO_MUNICIPIO_2006,Zona vinculada em 2006 a: MARACANÃ,4473,100.0
PA,2000,4022,TAILÂNDIA,37,ZONA_EM_OUTRO_MUNICIPIO_2006,Zona vinculada em 2006 a: MOJU,16341,100.0
PA,2000,4367,TERRA SANTA,38,ZONA_EM_OUTRO_MUNICIPIO_2006,Zona vinculada em 2006 a: ORIXIMINÁ,6255,100.0
PB,2000,20052,CUITEGI,10,ZONA_EM_OUTRO_MUNICIPIO_2006,"Zona vinculada em 2006 a: ARAÇAGI, GUARABIRA, PILÕEZINHOS",3421,100.0
PB,2000,19267,SANTO ANDRÉ,22,ZONA_EM_OUTRO_MUNICIPIO_2006,"Zona vinculada em 2006 a: CARAÚBAS, GURJÃO, SÃO JOÃO DO CARIRI",1676,100.0
PI,2000,10065,BOM PRINCÍPIO DO PIAUÍ,4,ZONA_EM_OUTRO_MUNICIPIO_2006,"Zona vinculada em 2006 a: ILHA GRANDE, PARNAÍBA",3634,100.0
PI,2000,12149,BOQUEIRÃO DO PIAUÍ,96,ZONA_EM_OUTRO_MUNICIPIO_2006,"Zona vinculada em 2006 a: CAMPO MAIOR, NOSSA SENHORA DE NAZARÉ",2839,100.0
PI,2000,12360,COCAL DE TELHA,7,ZONA_EM_OUTRO_MUNICIPIO_2006,"Zona vinculada em 2006 a: CAMPO MAIOR, JATOBÁ DO PIAUÍ, SIGEFREDO PACHECO",2692,100.0
PI,2000,10308,JARDIM DO MULATO,43,ZONA_EM_OUTRO_MUNICIPIO_2006,Zona vinculada em 2006 a: REGENERAÇÃO,2369,100.0
PI,2000,12475,MURICI DOS PORTELAS,33,ZONA_EM_OUTRO_MUNICIPIO_2006,"Zona vinculada em 2006 a: BOM PRINCÍPIO DO PIAUÍ, BURITI DOS LOPES, CARAÚBAS DO PIAUÍ, CAXINGÓ",3479,100.0
PI,2000,12602,RIBEIRA DO PIAUÍ,20,ZONA_EM_OUTRO_MUNICIPIO_2006,"Zona vinculada em 2006 a: CAMPO ALEGRE DO FIDALGO, CAPITÃO GERVÁSIO OLIVEIRA, JOÃO COSTA, LAGOA DO BARRO DO PIAUÍ, NOVA SANTA RITA",2282,100.0
PI,2000,10448,SANTA CRUZ DOS MILAGRES,92,ZONA_EM_OUTRO_MUNICIPIO_2006,Zona vinculada em 2006 a: AROAZES,2082,100.0
PI,2000,11851,SANTA LUZ,15,ZONA_EM_OUTRO_MUNICIPIO_2006,"Zona vinculada em 2006 a: BOM JESUS, CURRAIS, REDENÇÃO DO GURGUÉIA",2902,100.0
PI,2000,12700,SÃO MIGUEL DO FIDALGO,60,ZONA_EM_OUTRO_MUNICIPIO_2006,"Zona vinculada em 2006 a: NAZARÉ DO PIAUÍ, SÃO JOSÉ DO PEIXE",1812,100.0
PI,2000,12521,TANQUE DO PIAUÍ,5,ZONA_EM_OUTRO_MUNICIPIO_2006,"Zona vinculada em 2006 a: CAJAZEIRAS DO PIAUÍ, COLÔNIA DO PIAUÍ, OEIRAS, SANTA ROSA DO PIAUÍ, SÃO FRANCISCO DO PIAUÍ",1435,100.0
PR,2000,74233,ANTÔNIO OLINTO,10,ZONA_EM_OUTRO_MUNICIPIO_2006,"Zona vinculada em 2006 a: CONTENDA, LAPA",5123,100.0
PR,2000,75086,ARIRANHA DO IVAÍ,93,ZONA_EM_OUTRO_MUNICIPIO_2006,"Zona vinculada em 2006 a: ARAPUÃ, IVAIPORÃ",2146,100.0
PR,2000,75299,CRUZEIRO DO OESTE,187,ZONA_EM_OUTRO_MUNICIPIO_2006,Zona vinculada em 2006 a: PINHAIS,2656,22.85
PR,2000,75655,FRANCISCO BELTRÃO,188,ZONA_EM_OUTRO_MUNICIPIO_2006,Zona vinculada em 2006 a: PINHAIS,19099,48.91
PR,2000,75736,GUAIRAÇÁ,138,ZONA_EM_OUTRO_MUNICIPIO_2006,"Zona vinculada em 2006 a: AMAPORÃ, NOVA ALIANÇA DO IVAÍ, PARANAVAÍ, TAMBOARA",3901,100.0
PR,2000,74462,IVATÉ,142,ZONA_EM_OUTRO_MUNICIPIO_2006,"Zona vinculada em 2006 a: DOURADINA, MARIA HELENA, PEROBAL",4508,100.0
PR,2000,75027,NOVA ESPERANÇA DO SUDOESTE,140,ZONA_EM_OUTRO_MUNICIPIO_2006,"Zona vinculada em 2006 a: ENÉAS MARQUES, MARMELEIRO, RENASCENÇA",3362,100.0
PR,2000,79790,NOVA SANTA ROSA,148,ZONA_EM_OUTRO_MUNICIPIO_2006,"Zona vinculada em 2006 a: OURO VERDE DO OESTE, SÃO PEDRO DO IGUAÇU, TOLEDO",4750,100.0
PR,2000,75043,PINHAIS,155,ZONA_EM_OUTRO_MUNICIPIO_2006,Zona vinculada em 2006 a: PIRAQUARA,59522,100.0
PR,2000,79111,TAPEJARA,187,ZONA_EM_OUTRO_MUNICIPIO_2006,Zona vinculada em 2006 a: PINHAIS,7557,100.0
PR,2000,79316,TUNEIRAS DO OESTE,187,ZONA_EM_OUTRO_MUNICIPIO_2006,Zona vinculada em 2006 a: PINHAIS,5159,100.0
PR,2000,74926,VILA ALTA,142,MUNICIPIO_INEXISTENTE_2006,Municipio nao encontrado na base 2006 (nome/criacao),2509,100.0
RJ,2000,58408,ARMAÇÃO DOS BÚZIOS,96,ZONA_EM_OUTRO_MUNICIPIO_2006,Zona vinculada em 2006 a: CABO FRIO,11710,100.0
RJ,2000,58300,CARAPEBUS,109,ZONA_EM_OUTRO_MUNICIPIO_2006,Zona vinculada em 2006 a: MACAÉ,6794,100.0
RJ,2000,58262,IGUABA GRANDE,59,ZONA_EM_OUTRO_MUNICIPIO_2006,Zona vinculada em 2006 a: SÃO PEDRO DA ALDEIA,11925,100.0
RJ,2000,58327,PORTO REAL,198,ZONA_EM_OUTRO_MUNICIPIO_2006,"Zona vinculada em 2006 a: ITATIAIA, RESENDE",6983,100.0
RJ,2000,58025,QUATIS,91,ZONA_EM_OUTRO_MUNICIPIO_2006,Zona vinculada em 2006 a: BARRA MANSA,6677,100.0
RJ,2000,58009,QUISSAMÃ,109,ZONA_EM_OUTRO_MUNICIPIO_2006,Zona vinculada em 2006 a: MACAÉ,9107,100.0
RJ,2000,58203,RIO DAS OSTRAS,50,ZONA_EM_OUTRO_MUNICIPIO_2006,Zona vinculada em 2006 a: CASIMIRO DE ABREU,16041,100.0
RJ,2000,59331,SÃO JOSÉ DO VALE DO RIO PRETO,226,ZONA_EM_OUTRO_MUNICIPIO_2006,Zona vinculada em 2006 a: PETRÓPOLIS,10629,100.0
RO,2000,779,BURITIS,26,ZONA_EM_OUTRO_MUNICIPIO_2006,"Zona vinculada em 2006 a: ALTO PARAÍSO, CACAULÂNDIA, CUJUBIM, RIO CRESPO",8347,100.0
RO,2000,671,CAMPO NOVO DE RONDÔNIA,26,ZONA_EM_OUTRO_MUNICIPIO_2006,"Zona vinculada em 2006 a: ALTO PARAÍSO, CACAULÂNDIA, CUJUBIM, RIO CRESPO",3939,100.0
RO,2000,370,NOVA BRASILANDIA,15,MUNICIPIO_INEXISTENTE_2006,Municipio nao encontrado na base 2006 (nome/criacao),9937,100.0
RO,2000,582,SERINGUEIRAS,18,ZONA_EM_OUTRO_MUNICIPIO_2006,"Zona vinculada em 2006 a: ALVORADA DO OESTE, URUPÁ",5040,100.0
RO,2000,418,SÃO MIGUEL DO GUAPORÉ,18,ZONA_EM_OUTRO_MUNICIPIO_2006,"Zona vinculada em 2006 a: ALVORADA DO OESTE, URUPÁ",8058,100.0
RR,2000,3018,BOA VISTA,3,ZONA_EM_OUTRO_MUNICIPIO_2006,"Zona vinculada em 2006 a: ALTO ALEGRE, AMAJARI, BONFIM, CANTÁ, NORMANDIA",717,0.83
RS,2000,88609,UBIRETAMA,127,ZONA_EM_OUTRO_MUNICIPIO_2006,"Zona vinculada em 2006 a: GIRUÁ, SENADOR SALGADO FILHO",1985,100.0
SC,2000,80225,ABDON BATISTA,7,ZONA_EM_OUTRO_MUNICIPIO_2006,"Zona vinculada em 2006 a: BRUNÓPOLIS, CAMPOS NOVOS, VARGEM, ZORTÉA",2043,100.0
SC,2000,80390,BALNEÁRIO CAMBORIÚ,91,ZONA_EM_OUTRO_MUNICIPIO_2006,"Zona vinculada em 2006 a: BOMBINHAS, ITAPEMA, PORTO BELO",16964,42.09
SC,2000,80985,BOMBINHAS,31,ZONA_EM_OUTRO_MUNICIPIO_2006,"Zona vinculada em 2006 a: CANELINHA, TIJUCAS",5430,100.0
SC,2000,80799,CAXAMBU DO SUL,94,ZONA_EM_OUTRO_MUNICIPIO_2006,"Zona vinculada em 2006 a: ÁGUAS FRIAS, CHAPECÓ, CORONEL FREITAS, JARDINÓPOLIS, UNIÃO DO OESTE",4152,100.0
SC,2000,81043,CORDILHEIRA ALTA,94,ZONA_EM_OUTRO_MUNICIPIO_2006,"Zona vinculada em 2006 a: ÁGUAS FRIAS, CHAPECÓ, CORONEL FREITAS, JARDINÓPOLIS, UNIÃO DO OESTE",2032,100.0
SC,2000,80527,GUATAMBÚ,94,ZONA_EM_OUTRO_MUNICIPIO_2006,"Zona vinculada em 2006 a: ÁGUAS FRIAS, CHAPECÓ, CORONEL FREITAS, JARDINÓPOLIS, UNIÃO DO OESTE",3455,100.0
SC,2000,80322,NOVA ITABERABA,94,ZONA_EM_OUTRO_MUNICIPIO_2006,"Zona vinculada em 2006 a: ÁGUAS FRIAS, CHAPECÓ, CORONEL FREITAS, JARDINÓPOLIS, UNIÃO DO OESTE",3316,100.0
SC,2000,82430,PEDRAS GRANDES,99,ZONA_EM_OUTRO_MUNICIPIO_2006,"Zona vinculada em 2006 a: ARMAZÉM, CAPIVARI DE BAIXO, GRAVATAL, SÃO MARTINHO, TUBARÃO",3209,100.0
SC,2000,80543,PLANALTO ALEGRE,94,ZONA_EM_OUTRO_MUNICIPIO_2006,"Zona vinculada em 2006 a: ÁGUAS FRIAS, CHAPECÓ, CORONEL FREITAS, JARDINÓPOLIS, UNIÃO DO OESTE",1705,100.0
SC,2000,82651,PORTO BELO,31,ZONA_EM_OUTRO_MUNICIPIO_2006,"Zona vinculada em 2006 a: CANELINHA, TIJUCAS",6083,100.0
SC,2000,83372,SÃO MARTINHO,33,ZONA_EM_OUTRO_MUNICIPIO_2006,"Zona vinculada em 2006 a: JAGUARUNA, PEDRAS GRANDES, SANGÃO, TREZE DE MAIO, TUBARÃO",2552,100.0
SE,2000,31119,BARRA DOS COQUEIROS,1,ZONA_EM_OUTRO_MUNICIPIO_2006,Zona vinculada em 2006 a: ARACAJU,9683,100.0
SP,2000,63436,COLÔMBIA,178,ZONA_EM_OUTRO_MUNICIPIO_2006,"Zona vinculada em 2006 a: COLINA, JABORANDI",4505,100.0
SP,2000,61123,DIRCE REIS,232,ZONA_EM_OUTRO_MUNICIPIO_2006,"Zona vinculada em 2006 a: APARECIDA D OESTE, MARINÓPOLIS, PALMEIRA D OESTE, SÃO FRANCISCO",1275,100.0
SP,2000,61565,POTIM,316,ZONA_EM_OUTRO_MUNICIPIO_2006,Zona vinculada em 2006 a: GUARATINGUETÁ,7291,100.0
SP,2000,69833,RIO GRANDE DA SERRA,183,ZONA_EM_OUTRO_MUNICIPIO_2006,Zona vinculada em 2006 a: RIBEIRÃO PIRES,22373,100.0
