tipo,uf,cidade,ibge,area,no_arquivo,pela_ordem,pela_maioria,locais_da_zona,locais_na_area
cem,df,Brasília,5300108,ZE 5,5,,5,47,47
cem,df,Brasília,5300108,ZE 2,2,,2,31,31
cem,df,Brasília,5300108,ZE 18,18,,18,37,37
cem,df,Brasília,5300108,ZE 4,4,,4,23,23
cem,df,Brasília,5300108,ZE 10,10,,10,36,36
cem,df,Brasília,5300108,ZE 14,14,,14,31,31
cem,df,Brasília,5300108,ZE 17,17,,17,32,32
cem,df,Brasília,5300108,ZE 15,15,,15,34,34
cem,df,Brasília,5300108,ZE 9,9,,9,34,35
cem,df,Brasília,5300108,ZE 11,11,,11,17,17
cem,df,Brasília,5300108,ZE 16,16,,16,56,57
cem,df,Brasília,5300108,ZE 1,1,,1,26,26
cem,df,Brasília,5300108,ZE 19,19,,19,30,30
cem,df,Brasília,5300108,ZE 3,3,,3,20,20
cem,df,Brasília,5300108,ZE 8,8,,8,37,37
cem,df,Brasília,5300108,ZE 20,20,,20,19,19
cem,df,Brasília,5300108,ZE 13,13,,13,29,29
cem,df,Brasília,5300108,ZE 21,21,,21,29,29
cem,df,Brasília,5300108,ZE 6,6,,6,49,49
cem,mg,Belo Horizonte,3106200,ZE 29,29,,29,22,22
cem,mg,Belo Horizonte,3106200,ZE 37,37,,37,15,15
cem,mg,Belo Horizonte,3106200,ZE 31,31,,31,31,31
cem,mg,Belo Horizonte,3106200,ZE 33,33,,33,18,18
cem,mg,Belo Horizonte,3106200,ZE 333,333,,333,21,21
cem,mg,Belo Horizonte,3106200,ZE 36,36,,36,20,20
cem,mg,Belo Horizonte,3106200,ZE 38,38,,38,19,19
cem,mg,Belo Horizonte,3106200,ZE 35,35,,35,25,25
cem,mg,Belo Horizonte,3106200,ZE 28,28,,28,26,26
cem,mg,Belo Horizonte,3106200,ZE 26,26,,26,19,19
cem,mg,Belo Horizonte,3106200,ZE 332,332,,332,27,27
cem,mg,Belo Horizonte,3106200,ZE 34,34,,34,23,24
cem,mg,Belo Horizonte,3106200,ZE 27,27,,27,17,17
cem,mg,Belo Horizonte,3106200,ZE 39,39,,39,26,26
cem,mg,Belo Horizonte,3106200,ZE 331,331,,331,19,19
cem,mg,Belo Horizonte,3106200,ZE 30,30,,30,28,28
cem,mg,Belo Horizonte,3106200,ZE 32,32,,32,27,27
cem,mg,Belo Horizonte,3106200,ZE 334,334,,334,27,28
cem,mg,Betim,3106705,ZE 316,316,,316,58,58
cem,mg,Betim,3106705,ZE 319,319,,319,46,47
cem,mg,Ibirité,3129806,ZE 351,351,,351,26,26
cem,mg,Ibirité,3129806,ZE 288,288,,288,19,19
cem,mg,Santa Luzia,3157807,ZE 312,312,,312,25,25
cem,mg,Santa Luzia,3157807,ZE 246,246,,246,27,27
cem,mg,Ribeirão das Neves,3154606,ZE 286,286,,286,24,25
cem,mg,Ribeirão das Neves,3154606,ZE 321,321,,321,30,30
cem,mg,Contagem,3118601,ZE 93,93,,93,27,27
cem,mg,Contagem,3118601,ZE 90,90,,90,27,27
cem,mg,Contagem,3118601,ZE 91,91,,91,29,29
cem,mg,Contagem,3118601,ZE 313,313,,313,9,9
cem,es,Vila Velha,3205200,ZE 55,55,,55,49,49
cem,es,Vila Velha,3205200,ZE 57,57,,57,39,40
cem,es,Vila Velha,3205200,ZE 32,32,,32,34,34
cem,es,Vitória,3205309,ZE 1,1,,1,53,53
cem,es,Vitória,3205309,ZE 52,52,,52,51,51
cem,es,Cariacica,3201308,ZE 54,54,,54,46,46
cem,es,Cariacica,3201308,ZE 34,34,,34,53,53
cem,es,Serra,3205002,ZE 26,26,,26,34,34
cem,es,Serra,3205002,ZE 59,59,,59,22,22
cem,es,Serra,3205002,ZE 53,53,,53,41,41
cem,rj,Niterói,3303302,ZE 199,199,,199,36,36
cem,rj,Niterói,3303302,ZE 144,144,,144,13,13
cem,rj,Niterói,3303302,ZE 71,71,,71,31,32
cem,rj,Niterói,3303302,ZE 72,72,,72,35,35
cem,rj,São Gonçalo,3304904,ZE 69,69,,69,21,21
cem,rj,São Gonçalo,3304904,ZE 133,133,,133,23,23
cem,rj,São Gonçalo,3304904,ZE 135,135,,135,31,31
cem,rj,São Gonçalo,3304904,ZE 132,132,,132,23,23
cem,rj,São Gonçalo,3304904,ZE 87,87,,87,19,19
cem,rj,São Gonçalo,3304904,ZE 36,36,,36,15,15
cem,rj,São Gonçalo,3304904,ZE 68,68,,68,17,20
cem,rj,Itaboraí,3301900,ZE 151,151,,151,25,25
cem,rj,Itaboraí,3301900,ZE 104,104,,104,31,31
cem,rj,Magé,3302502,ZE 110,110,,110,49,49
cem,rj,Magé,3302502,ZE 148,148,,148,19,19
cem,rj,Duque de Caxias,3301702,ZE 128,128,,128,24,24
cem,rj,Duque de Caxias,3301702,ZE 126,126,,126,31,31
cem,rj,Duque de Caxias,3301702,ZE 79,79,,79,36,36
cem,rj,Duque de Caxias,3301702,ZE 127,127,,127,43,43
cem,rj,Duque de Caxias,3301702,ZE 200,200,,200,40,41
cem,rj,Duque de Caxias,3301702,ZE 78,78,,78,43,43
cem,rj,Duque de Caxias,3301702,ZE 103,103,,103,40,40
cem,rj,Belford Roxo,3300456,ZE 154,154,,154,28,28
cem,rj,Belford Roxo,3300456,ZE 155,155,,155,34,34
cem,rj,Belford Roxo,3300456,ZE 152,152,,152,7,7
cem,rj,Belford Roxo,3300456,ZE 153,153,,153,18,18
cem,rj,São João de Meriti,3305109,ZE 187,187,,187,35,35
cem,rj,São João de Meriti,3305109,ZE 88,88,,88,26,26
cem,rj,São João de Meriti,3305109,ZE 89,89,,89,26,26
cem,rj,São João de Meriti,3305109,ZE 186,186,,186,32,32
cem,rj,Rio de Janeiro,3304557,ZE 9,9,,9,38,38
cem,rj,Rio de Janeiro,3304557,ZE 243,243,,243,16,16
cem,rj,Rio de Janeiro,3304557,ZE 167,167,,167,19,19
cem,rj,Rio de Janeiro,3304557,ZE 23,23,,23,32,33
cem,rj,Rio de Janeiro,3304557,ZE 185,185,,185,32,32
cem,rj,Rio de Janeiro,3304557,ZE 234,234,,234,26,26
cem,rj,Rio de Janeiro,3304557,ZE 218,218,,218,25,25
cem,rj,Rio de Janeiro,3304557,ZE 118,118,,118,22,22
cem,rj,Rio de Janeiro,3304557,ZE 14,14,,14,23,25
cem,rj,Rio de Janeiro,3304557,ZE 214,214,,214,35,35
cem,rj,Rio de Janeiro,3304557,ZE 10,10,,10,28,29
cem,rj,Rio de Janeiro,3304557,ZE 169,169,,169,25,26
cem,rj,Rio de Janeiro,3304557,ZE 170,170,,170,30,30
cem,rj,Rio de Janeiro,3304557,ZE 119,119,,119,42,44
cem,rj,Rio de Janeiro,3304557,ZE 180,180,,180,25,26
cem,rj,Rio de Janeiro,3304557,ZE 120,120,,120,15,15
cem,rj,Rio de Janeiro,3304557,ZE 238,238,,238,31,31
cem,rj,Rio de Janeiro,3304557,ZE 122,122,,122,23,23
cem,rj,Rio de Janeiro,3304557,ZE 230,230,,230,19,19
cem,rj,Rio de Janeiro,3304557,ZE 125,125,,125,32,32
cem,rj,Rio de Janeiro,3304557,ZE 246,246,,246,33,33
cem,rj,Rio de Janeiro,3304557,ZE 25,25,,25,8,8
cem,rj,Rio de Janeiro,3304557,ZE 241,241,,241,15,15
cem,rj,Rio de Janeiro,3304557,ZE 242,242,,242,27,27
cem,rj,Rio de Janeiro,3304557,ZE 245,245,,245,36,36
cem,rj,Rio de Janeiro,3304557,ZE 191,191,,191,29,29
cem,rj,Rio de Janeiro,3304557,ZE 192,192,,192,8,8
cem,rj,Rio de Janeiro,3304557,ZE 211,211,,211,31,32
cem,rj,Rio de Janeiro,3304557,ZE 7,7,,7,38,38
cem,rj,Rio de Janeiro,3304557,ZE 179,179,,179,34,34
cem,rj,Rio de Janeiro,3304557,ZE 182,182,,182,26,29
cem,rj,Rio de Janeiro,3304557,ZE 233,233,,233,31,31
cem,rj,Rio de Janeiro,3304557,ZE 161,161,,161,16,16
cem,rj,Rio de Janeiro,3304557,ZE 162,162,,162,35,35
cem,rj,Rio de Janeiro,3304557,ZE 8,8,,8,26,26
cem,rj,Rio de Janeiro,3304557,ZE 216,216,,216,28,29
cem,rj,Rio de Janeiro,3304557,ZE 229,229,,229,31,32
cem,rj,Rio de Janeiro,3304557,ZE 219,219,,219,30,30
cem,rj,Rio de Janeiro,3304557,ZE 22,22,,22,40,40
cem,rj,Rio de Janeiro,3304557,ZE 204,204,,204,28,28
cem,rj,Rio de Janeiro,3304557,ZE 16,16,,16,21,21
cem,rj,Rio de Janeiro,3304557,ZE 176,176,,176,26,27
cem,rj,Rio de Janeiro,3304557,ZE 24,24,,24,23,24
cem,rj,Rio de Janeiro,3304557,ZE 188,188,,188,36,36
cem,rj,Rio de Janeiro,3304557,ZE 21,21,,21,30,30
cem,rj,Rio de Janeiro,3304557,ZE 123,123,,123,27,27
cem,rj,Rio de Janeiro,3304557,ZE 4,4,,4,30,30
cem,rj,Rio de Janeiro,3304557,ZE 17,17,,17,33,33
cem,rj,Rio de Janeiro,3304557,ZE 5,5,,5,61,61
cem,rj,Mesquita,3302858,ZE 150,150,,150,24,24
cem,rj,Mesquita,3302858,ZE 83,83,,83,19,19
cem,rj,Nilópolis,3303203,ZE 221,221,,221,21,21
cem,rj,Nilópolis,3303203,ZE 201,201,,201,20,20
cem,rj,Nova Iguaçu,3303500,ZE 156,156,,156,43,43
cem,rj,Nova Iguaçu,3303500,ZE 84,84,,84,41,41
cem,rj,Nova Iguaçu,3303500,ZE 159,159,,159,25,25
cem,rj,Nova Iguaçu,3303500,ZE 27,27,,27,43,43
cem,rj,Nova Iguaçu,3303500,ZE 157,157,,157,35,35
cem,rj,Nova Iguaçu,3303500,ZE 158,158,,158,41,41
cem,rj,Petrópolis,3303906,ZE 65,65,,65,52,52
cem,rj,Petrópolis,3303906,ZE 29,29,,29,69,69
cem,sp,Sumaré,3552403,ZE 362,362,,362,33,33
cem,sp,Sumaré,3552403,ZE 230,230,,230,20,20
cem,sp,Americana,3501608,ZE 384,384,,384,35,35
cem,sp,Americana,3501608,ZE 158,158,,158,25,25
cem,sp,Barueri,3505708,ZE 386,386,,386,31,31
cem,sp,Barueri,3505708,ZE 199,199,,199,33,33
cem,sp,Osasco,3534401,ZE 315,315,,315,31,31
cem,sp,Osasco,3534401,ZE 277,277,,277,18,18
cem,sp,Osasco,3534401,ZE 331,331,,331,25,25
cem,sp,Osasco,3534401,ZE 276,276,,276,22,22
cem,sp,Osasco,3534401,ZE 213,213,,213,14,14
cem,sp,Osasco,3534401,ZE 332,332,,332,20,20
cem,sp,Carapicuíba,3510609,ZE 388,388,,388,31,31
cem,sp,Carapicuíba,3510609,ZE 303,303,,303,29,29
cem,sp,Cotia,3513009,ZE 286,286,,286,30,30
cem,sp,Cotia,3513009,ZE 227,227,,227,40,41
cem,sp,Embu das Artes,3515004,ZE 391,391,,391,24,24
cem,sp,Embu das Artes,3515004,ZE 341,341,,341,36,38
cem,sp,Diadema,3513801,ZE 426,426,,426,20,20
cem,sp,Diadema,3513801,ZE 329,329,,329,43,43
cem,sp,Diadema,3513801,ZE 222,222,,222,24,24
cem,sp,Santo André,3547809,ZE 383,383,,383,30,30
cem,sp,Santo André,3547809,ZE 307,307,,307,10,10
cem,sp,Santo André,3547809,ZE 306,306,,306,27,27
cem,sp,Santo André,3547809,ZE 156,156,,156,28,28
cem,sp,Santo André,3547809,ZE 264,264,,264,19,20
cem,sp,Santo André,3547809,ZE 263,263,,263,28,28
cem,sp,Mauá,3529401,ZE 365,365,,365,30,30
cem,sp,Mauá,3529401,ZE 217,217,,217,28,29
cem,sp,Mauá,3529401,ZE 339,339,,339,23,24
cem,sp,Ribeirão Pires,3543303,ZE 183,183,,183,28,28
cem,sp,Ribeirão Pires,3543303,ZE 382,382,,382,8,9
cem,sp,São Paulo,3550308,ZE 392,392,,392,31,31
cem,sp,São Paulo,3550308,ZE 248,248,,248,32,33
cem,sp,São Paulo,3550308,ZE 326,326,,326,40,40
cem,sp,São Paulo,3550308,ZE 247,247,,247,39,39
cem,sp,São Paulo,3550308,ZE 405,405,,405,19,21
cem,sp,São Paulo,3550308,ZE 251,251,,251,27,27
cem,sp,São Paulo,3550308,ZE 1,1,,1,26,26
cem,sp,São Paulo,3550308,ZE 2,2,,2,24,24
cem,sp,São Paulo,3550308,ZE 3,3,,3,28,28
cem,sp,São Paulo,3550308,ZE 5,5,,5,18,18
cem,sp,São Paulo,3550308,ZE 252,252,,252,26,26
cem,sp,São Paulo,3550308,ZE 390,390,,390,29,29
cem,sp,São Paulo,3550308,ZE 255,255,,255,38,40
cem,sp,São Paulo,3550308,ZE 249,249,,249,26,26
cem,sp,São Paulo,3550308,ZE 422,422,,422,38,38
cem,sp,São Paulo,3550308,ZE 256,256,,256,40,40
cem,sp,São Paulo,3550308,ZE 353,353,,353,41,41
cem,sp,São Paulo,3550308,ZE 404,404,,404,44,44
cem,sp,São Paulo,3550308,ZE 375,375,,375,39,39
cem,sp,São Paulo,3550308,ZE 421,421,,421,39,39
cem,sp,São Paulo,3550308,ZE 350,350,,350,39,39
cem,sp,São Paulo,3550308,ZE 257,257,,257,41,42
cem,sp,São Paulo,3550308,ZE 348,348,,348,40,40
cem,sp,São Paulo,3550308,ZE 373,373,,373,35,35
cem,sp,São Paulo,3550308,ZE 408,408,,408,38,38
cem,sp,São Paulo,3550308,ZE 372,372,,372,48,48
cem,sp,São Paulo,3550308,ZE 20,20,,20,37,38
cem,sp,São Paulo,3550308,ZE 4,4,,4,24,24
cem,sp,São Paulo,3550308,ZE 253,253,,253,35,35
cem,sp,São Paulo,3550308,ZE 254,254,,254,42,43
cem,sp,São Paulo,3550308,ZE 374,374,,374,23,23
cem,sp,São Paulo,3550308,ZE 346,346,,346,43,43
cem,sp,São Paulo,3550308,ZE 246,246,,246,32,33
cem,sp,São Paulo,3550308,ZE 417,417,,417,26,26
cem,sp,São Paulo,3550308,ZE 413,413,,413,30,30
cem,sp,São Paulo,3550308,ZE 349,349,,349,31,33
cem,sp,São Paulo,3550308,ZE 320,320,,320,40,40
cem,sp,São Paulo,3550308,ZE 258,258,,258,23,23
cem,sp,São Paulo,3550308,ZE 351,351,,351,26,26
cem,sp,São Paulo,3550308,ZE 328,328,,328,32,32
cem,sp,São Paulo,3550308,ZE 250,250,,250,38,38
cem,sp,São Paulo,3550308,ZE 376,376,,376,44,45
cem,sp,São Paulo,3550308,ZE 260,260,,260,38,38
cem,sp,São Paulo,3550308,ZE 418,418,,418,40,40
cem,sp,São Paulo,3550308,ZE 280,280,,280,41,41
cem,sp,São Paulo,3550308,ZE 381,381,,381,62,62
cem,sp,São Paulo,3550308,ZE 371,371,,371,41,41
cem,sp,São Paulo,3550308,ZE 403,403,,403,38,38
cem,sp,São Paulo,3550308,ZE 389,389,,389,27,28
cem,sp,São Paulo,3550308,ZE 325,325,,325,38,38
cem,sp,São Paulo,3550308,ZE 327,327,,327,47,47
cem,sp,São Paulo,3550308,ZE 397,397,,397,37,38
cem,sp,São Paulo,3550308,ZE 352,352,,352,38,38
cem,sp,São Paulo,3550308,ZE 259,259,,259,33,33
cem,sp,São Paulo,3550308,ZE 6,6,,6,27,27
cem,sp,São Paulo,3550308,ZE 420,420,,420,26,26
cem,sp,São Paulo,3550308,ZE 347,347,,347,44,44
cem,sp,São Caetano do Sul,3548807,ZE 166,166,,166,16,16
cem,sp,São Caetano do Sul,3548807,ZE 269,269,,269,15,15
cem,sp,São Bernardo do Campo,3548708,ZE 409,409,,409,21,21
cem,sp,São Bernardo do Campo,3548708,ZE 296,296,,296,20,20
cem,sp,São Bernardo do Campo,3548708,ZE 283,283,,283,28,28
cem,sp,São Bernardo do Campo,3548708,ZE 174,174,,174,27,27
cem,sp,São Bernardo do Campo,3548708,ZE 284,284,,284,13,13
cem,sp,São Bernardo do Campo,3548708,ZE 414,414,,414,26,26
cem,sp,Guarulhos,3518800,ZE 394,394,,394,39,39
cem,sp,Guarulhos,3518800,ZE 185,185,,185,41,41
cem,sp,Guarulhos,3518800,ZE 176,176,,176,34,35
cem,sp,Guarulhos,3518800,ZE 279,279,,279,35,35
cem,sp,Guarulhos,3518800,ZE 393,393,,393,37,37
cem,sp,Guarulhos,3518800,ZE 395,395,,395,34,35
cem,sp,Guarulhos,3518800,ZE 278,278,,278,34,34
cem,sp,Itaquaquecetuba,3523107,ZE 377,377,,377,20,20
cem,sp,Itaquaquecetuba,3523107,ZE 419,419,,419,28,28
cem,sp,Mogi das Cruzes,3530607,ZE 287,287,,287,56,57
cem,sp,Mogi das Cruzes,3530607,ZE 319,319,,319,29,29
cem,sp,Mogi das Cruzes,3530607,ZE 74,74,,74,29,29
cem,sp,Suzano,3552502,ZE 181,181,,181,52,52
cem,sp,Suzano,3552502,ZE 415,415,,415,31,31
cem,sp,Taboão da Serra,3552809,ZE 416,416,,416,30,30
cem,sp,Taboão da Serra,3552809,ZE 324,324,,324,27,27
cem,sp,Santos,3548500,ZE 118,118,,118,52,52
cem,sp,Santos,3548500,ZE 272,272,,272,22,22
cem,sp,Santos,3548500,ZE 273,273,,273,37,37
cem,sp,Guarujá,3518701,ZE 212,212,,212,31,31
cem,sp,Guarujá,3518701,ZE 310,310,,310,31,31
cem,sp,Praia Grande,3541000,ZE 406,406,,406,16,16
cem,sp,Praia Grande,3541000,ZE 317,317,,317,39,39
cem,sp,São Vicente,3551009,ZE 340,340,,340,41,41
cem,sp,São Vicente,3551009,ZE 177,177,,177,33,33
cem,go,Goiânia,5208707,ZE 135,135,,135,42,42
cem,go,Goiânia,5208707,ZE 133,133,,133,43,43
cem,go,Goiânia,5208707,ZE 1,1,,1,27,27
cem,go,Goiânia,5208707,ZE 146,146,,146,42,42
cem,go,Goiânia,5208707,ZE 127,127,,127,39,39
cem,go,Goiânia,5208707,ZE 2,2,,2,39,39
cem,go,Goiânia,5208707,ZE 147,147,,147,39,39
cem,go,Goiânia,5208707,ZE 134,134,,134,42,43
cem,go,Goiânia,5208707,ZE 136,136,,136,33,33
cem,go,Aparecida de Goiânia,5201405,ZE 132,132,,132,30,30
cem,go,Aparecida de Goiânia,5201405,ZE 119,119,,119,35,35
cem,go,Aparecida de Goiânia,5201405,ZE 145,145,,145,39,39
cem,pa,Belém,1501402,ZE 98,98,,98,38,38
cem,pa,Belém,1501402,ZE 73,73,,73,46,46
cem,pa,Belém,1501402,ZE 30,30,,30,57,58
cem,pa,Belém,1501402,ZE 96,96,,96,37,37
cem,pa,Belém,1501402,ZE 28,28,,28,14,15
cem,pa,Belém,1501402,ZE 97,97,,97,47,48
cem,pa,Belém,1501402,ZE 95,95,,95,32,32
cem,pa,Belém,1501402,ZE 76,76,,76,27,27
cem,pa,Belém,1501402,ZE 1,1,,1,26,26
cem,pa,Belém,1501402,ZE 29,29,,29,21,22
cem,pa,Castanhal,1502400,ZE 4,4,,4,41,41
cem,pa,Castanhal,1502400,ZE 50,50,,50,37,37
cem,ce,Fortaleza,2304400,ZE 112,112,,112,40,40
cem,ce,Fortaleza,2304400,ZE 2,2,,2,31,31
cem,ce,Fortaleza,2304400,ZE 95,95,,95,43,43
cem,ce,Fortaleza,2304400,ZE 80,80,,80,37,37
cem,ce,Fortaleza,2304400,ZE 1,1,,1,41,41
cem,ce,Fortaleza,2304400,ZE 118,118,,118,38,38
cem,ce,Fortaleza,2304400,ZE 115,115,,115,35,36
cem,ce,Fortaleza,2304400,ZE 113,113,,113,44,44
cem,ce,Fortaleza,2304400,ZE 3,3,,3,39,39
cem,ce,Fortaleza,2304400,ZE 93,93,,93,40,40
cem,ce,Fortaleza,2304400,ZE 117,117,,117,44,44
cem,ce,Fortaleza,2304400,ZE 116,116,,116,40,40
cem,ce,Fortaleza,2304400,ZE 83,83,,83,40,41
cem,ce,Fortaleza,2304400,ZE 82,82,,82,38,39
cem,ce,Fortaleza,2304400,ZE 94,94,,94,49,49
cem,ce,Fortaleza,2304400,ZE 114,114,,114,39,39
cem,ce,Fortaleza,2304400,ZE 85,85,,85,37,37
cem,ce,Caucaia,2303709,ZE 120,120,,120,45,45
cem,ce,Caucaia,2303709,ZE 37,37,,37,52,52
cem,ce,Caucaia,2303709,ZE 123,123,,123,34,34
cem,ce,Maracanaú,2307650,ZE 122,122,,122,42,42
cem,ce,Maracanaú,2307650,ZE 104,104,,104,26,26
cem,pe,Recife,2611606,ZE 2,2,,2,39,39
cem,pe,Recife,2611606,ZE 3,3,,3,39,40
cem,pe,Recife,2611606,ZE 5,5,,5,42,42
cem,pe,Recife,2611606,ZE 9,9,,9,34,34
cem,pe,Recife,2611606,ZE 6,6,,6,38,38
cem,pe,Recife,2611606,ZE 8,8,,8,34,34
cem,pe,Recife,2611606,ZE 1,1,,1,33,37
cem,pe,Recife,2611606,ZE 150,150,,150,36,36
cem,pe,Recife,2611606,ZE 149,149,,149,38,38
cem,pe,Recife,2611606,ZE 7,7,,7,37,37
cem,pe,Recife,2611606,ZE 4,4,,4,41,41
cem,pe,Jaboatão dos Guararapes,2607901,ZE 11,11,,11,35,35
cem,pe,Jaboatão dos Guararapes,2607901,ZE 101,101,,101,27,27
cem,pe,Jaboatão dos Guararapes,2607901,ZE 147,147,,147,36,37
cem,pe,Jaboatão dos Guararapes,2607901,ZE 118,118,,118,39,39
cem,pe,Olinda,2609600,ZE 117,117,,117,33,35
cem,pe,Olinda,2609600,ZE 100,100,,100,36,36
cem,pe,Olinda,2609600,ZE 10,10,,10,32,33
cem,pe,Paulista,2610707,ZE 114,114,,114,35,35
cem,pe,Paulista,2610707,ZE 12,12,,12,24,24
cem,pe,Paulista,2610707,ZE 146,146,,146,25,25
cem,pe,Cabo de Santo Agostinho,2602902,ZE 121,121,,121,36,36
cem,pe,Cabo de Santo Agostinho,2602902,ZE 15,15,,15,25,25
cem,pe,Camaragibe,2603454,ZE 138,138,,138,16,17
cem,pe,Camaragibe,2603454,ZE 127,127,,127,23,23
cem,ba,Salvador,2927408,ZE 1,1,,1,23,23
cem,ba,Salvador,2927408,ZE 7,7,,7,20,23
cem,ba,Salvador,2927408,ZE 6,6,,6,16,16
cem,ba,Salvador,2927408,ZE 2,2,,2,17,17
cem,ba,Salvador,2927408,ZE 11,11,,11,31,31
cem,ba,Salvador,2927408,ZE 16,16,,16,25,55
cem,ba,Salvador,2927408,ZE 19,19,,19,27,27
cem,ba,Salvador,2927408,ZE 5,5,,5,26,26
cem,ba,Salvador,2927408,ZE 14,14,,14,19,20
cem,ba,Salvador,2927408,ZE 13,13,,13,20,20
cem,ba,Salvador,2927408,ZE 10,10,,10,26,27
cem,ba,Salvador,2927408,ZE 12,12,,12,8,8
cem,ba,Salvador,2927408,ZE 8,8,,8,28,28
cem,ba,Salvador,2927408,ZE 15,15,,15,24,24
cem,ba,Salvador,2927408,ZE 17,17,,17,28,28
cem,ba,Salvador,2927408,ZE 4,4,,4,30,30
cem,ba,Salvador,2927408,ZE 3,3,,3,21,23
cem,ba,Salvador,2927408,ZE 18,18,,18,15,15
cem,ba,Salvador,2927408,ZE 9,9,,9,17,18
cem,ba,Camaçari,2905701,ZE 171,171,,171,39,39
cem,ba,Camaçari,2905701,ZE 170,170,,170,31,31
cem,sp,Campinas,3509502,ZE 378,378,,378,41,42
cem,sp,Campinas,3509502,ZE 423,423,,423,40,40
cem,sp,Campinas,3509502,ZE 275,275,,275,30,31
cem,sp,Campinas,3509502,ZE 379,379,,379,40,40
cem,sp,Campinas,3509502,ZE 274,274,,274,40,41
cem,sp,Campinas,3509502,ZE 33,33,,33,24,24
cem,sp,Campinas,3509502,ZE 380,380,,380,37,37
setores,ro,Ji-Paraná,1100122,DIST02 189,,3,3,15,16
setores,ro,Ji-Paraná,1100122,DIST02 190,,30,30,27,27
setores,ro,Porto Velho,1100205,DIST02 185,,2,2,43,44
setores,ro,Porto Velho,1100205,DIST02 186,,6,6,40,42
setores,ro,Porto Velho,1100205,DIST02 187,,20,20,39,41
setores,ro,Porto Velho,1100205,DIST02 188,,21,21,25,25
setores,ac,Rio Branco,1200401,DIST02 191,,1,1,123,124
setores,ac,Rio Branco,1200401,DIST02 192,,9,9,107,109
setores,am,Manaus,1302603,DIST02 195,,1,1,26,27
setores,am,Manaus,1302603,DIST02 196,,2,2,19,19
setores,am,Manaus,1302603,DIST02 197,,31,31,36,36
setores,am,Manaus,1302603,DIST02 198,,32,32,43,43
setores,am,Manaus,1302603,DIST02 199,,37,37,37,38
setores,am,Manaus,1302603,DIST02 200,,40,40,38,41
setores,am,Manaus,1302603,DIST02 201,,58,58,29,30
setores,am,Manaus,1302603,DIST02 202,,59,59,32,32
setores,am,Manaus,1302603,DIST02 203,,62,62,37,38
setores,am,Manaus,1302603,DIST02 204,,63,63,49,50
setores,am,Manaus,1302603,DIST02 205,,65,65,37,37
setores,am,Manaus,1302603,DIST02 206,,68,68,38,38
setores,am,Manaus,1302603,DIST02 207,,70,70,41,41
setores,rr,Boa Vista,1400100,DIST02 193,,1,1,63,63
setores,rr,Boa Vista,1400100,DIST02 194,,5,5,77,77
setores,pa,Ananindeua,1500800,DIST02 220,,43,43,48,49
setores,pa,Ananindeua,1500800,DIST02 221,,72,72,21,23
setores,pa,Ananindeua,1500800,DIST02 222,,107,107,22,22
setores,pa,Marabá,1504208,DIST02 216,,23,23,61,61
setores,pa,Marabá,1504208,DIST02 217,,100,100,50,52
setores,pa,Parauapebas,1505536,DIST02 214,,75,75,22,22
setores,pa,Parauapebas,1505536,DIST02 215,,106,106,32,33
setores,pa,Santarém,1506807,DIST02 211,,20,20,79,87
setores,pa,Santarém,1506807,DIST02 212,,83,83,120,120
setores,pa,Santarém,1506807,DIST02 213,,104,104,96,98
setores,ap,Macapá,1600303,DIST02 208,,2,2,43,43
setores,ap,Macapá,1600303,DIST02 209,,10,10,49,49
setores,ap,Macapá,1600303,DIST02 210,,14,14,31,31
setores,to,Araguaína,1702109,DIST02 223,,1,1,43,43
setores,to,Araguaína,1702109,DIST02 224,,34,34,13,13
setores,ma,Imperatriz,2105302,DIST02 218,,33,33,40,40
setores,ma,Imperatriz,2105302,DIST02 219,,65,65,41,46
setores,ma,São Luís,2111300,DIST02 179,,1,1,47,48
setores,ma,São Luís,2111300,DIST02 180,,2,2,48,48
setores,ma,São Luís,2111300,DIST02 181,,3,3,34,34
setores,ma,São Luís,2111300,DIST02 182,,10,10,53,53
setores,ma,São Luís,2111300,DIST02 183,,76,76,48,48
setores,ma,São Luís,2111300,DIST02 184,,89,89,34,34
setores,pi,Campo Maior,2202208,DIST02 175,,7,7,31,33
setores,pi,Campo Maior,2202208,DIST02 176,,96,96,15,17
setores,pi,Parnaíba,2207702,DIST02 177,,3,3,66,66
setores,pi,Parnaíba,2207702,DIST02 178,,4,4,4,4
setores,pi,Teresina,2211001,DIST02 170,,1,1,43,43
setores,pi,Teresina,2211001,DIST02 171,,2,2,60,64
setores,pi,Teresina,2211001,DIST02 172,,63,63,57,57
setores,pi,Teresina,2211001,DIST02 173,,97,97,79,79
setores,pi,Teresina,2211001,DIST02 174,,98,98,63,63
setores,ce,Juazeiro do Norte,2307304,DIST02 166,,28,28,50,50
setores,ce,Juazeiro do Norte,2307304,DIST02 167,,119,119,55,55
setores,ce,Sobral,2312908,DIST02 168,,24,24,49,49
setores,ce,Sobral,2312908,DIST02 169,,121,121,42,42
setores,rn,Mossoró,2408003,DIST02 164,,33,33,37,38
setores,rn,Mossoró,2408003,DIST02 165,,34,34,39,39
setores,rn,Natal,2408102,DIST02 159,,1,1,46,47
setores,rn,Natal,2408102,DIST02 160,,2,2,44,51
setores,rn,Natal,2408102,DIST02 161,,3,3,42,43
setores,rn,Natal,2408102,DIST02 162,,4,4,41,41
setores,rn,Natal,2408102,DIST02 163,,69,69,39,41
setores,pb,Campina Grande,2504009,DIST02 156,,16,16,37,40
setores,pb,Campina Grande,2504009,DIST02 157,,17,17,51,51
setores,pb,Campina Grande,2504009,DIST02 158,,72,72,36,36
setores,pb,João Pessoa,2507507,DIST02 149,,1,1,50,50
setores,pb,João Pessoa,2507507,DIST02 150,,64,64,43,44
setores,pb,João Pessoa,2507507,DIST02 151,,70,70,30,32
setores,pb,João Pessoa,2507507,DIST02 152,,76,76,31,31
setores,pb,João Pessoa,2507507,DIST02 153,,77,77,52,52
setores,pb,Santa Rita,2513703,DIST02 154,,2,2,40,40
setores,pb,Santa Rita,2513703,DIST02 155,,3,3,17,17
setores,pe,Caruaru,2604106,DIST02 144,,41,41,29,29
setores,pe,Caruaru,2604106,DIST02 145,,105,105,42,42
setores,pe,Caruaru,2604106,DIST02 146,,106,106,51,53
setores,pe,Petrolina,2611101,DIST02 139,,83,83,44,47
setores,pe,Petrolina,2611101,DIST02 140,,144,144,34,34
setores,pe,Petrolina,2611101,DIST02 141,,145,145,41,41
setores,pe,Vitória de Santo Antão,2616407,DIST02 147,,18,18,26,26
setores,pe,Vitória de Santo Antão,2616407,DIST02 148,,102,102,4,4
setores,al,Arapiraca,2700300,DIST02 135,,22,22,23,24
setores,al,Arapiraca,2700300,DIST02 136,,55,55,25,26
setores,al,Maceió,2704302,DIST02 130,,1,1,52,52
setores,al,Maceió,2704302,DIST02 131,,2,2,49,49
setores,al,Maceió,2704302,DIST02 132,,3,3,44,47
setores,al,Maceió,2704302,DIST02 133,,33,33,30,30
setores,al,Maceió,2704302,DIST02 134,,54,54,43,43
setores,se,Aracaju,2800308,DIST02 127,,1,1,49,49
setores,se,Aracaju,2800308,DIST02 128,,2,2,73,73
setores,se,Aracaju,2800308,DIST02 129,,27,27,49,49
setores,ba,Barreiras,2903201,DIST02 121,,70,70,33,33
setores,ba,Barreiras,2903201,DIST02 122,,75,75,42,42
setores,ba,Eunápolis,2910727,DIST02 110,,188,188,13,13
setores,ba,Eunápolis,2910727,DIST02 111,,203,203,22,22
setores,ba,Feira de Santana,2910800,DIST02 123,,154,154,33,33
setores,ba,Feira de Santana,2910800,DIST02 124,,155,155,33,33
setores,ba,Feira de Santana,2910800,DIST02 125,,156,156,43,43
setores,ba,Feira de Santana,2910800,DIST02 126,,157,157,35,36
setores,ba,Ilhéus,2913606,DIST02 112,,25,25,32,34
setores,ba,Ilhéus,2913606,DIST02 113,,26,26,34,35
setores,ba,Itabuna,2914802,DIST02 114,,27,27,23,23
setores,ba,Itabuna,2914802,DIST02 115,,28,28,21,21
setores,ba,Jequié,2918001,DIST02 119,,22,22,41,44
setores,ba,Jequié,2918001,DIST02 120,,23,23,29,30
setores,ba,Juazeiro,2918407,DIST02 142,,47,47,46,50
setores,ba,Juazeiro,2918407,DIST02 143,,48,48,61,62
setores,ba,Paulo Afonso,2924009,DIST02 137,,84,84,32,34
setores,ba,Paulo Afonso,2924009,DIST02 138,,181,181,27,27
setores,ba,Porto Seguro,2925303,DIST02 108,,121,121,15,16
setores,ba,Porto Seguro,2925303,DIST02 109,,122,122,26,27
setores,ba,Santo Antônio de Jesus,2928703,DIST02 106,,56,56,33,34
setores,ba,Santo Antônio de Jesus,2928703,DIST02 107,,202,202,34,34
setores,ba,Vitória da Conquista,2933307,DIST02 116,,39,39,35,35
setores,ba,Vitória da Conquista,2933307,DIST02 117,,40,40,60,60
setores,ba,Vitória da Conquista,2933307,DIST02 118,,41,41,34,35
setores,mg,Caratinga,3113404,DIST02 91,,71,71,14,14
setores,mg,Caratinga,3113404,DIST02 92,,72,72,23,23
setores,mg,Divinópolis,3122306,DIST02 96,,102,102,40,40
setores,mg,Divinópolis,3122306,DIST02 97,,103,103,34,34
setores,mg,Governador Valadares,3127701,DIST02 93,,118,118,25,25
setores,mg,Governador Valadares,3127701,DIST02 94,,119,119,36,37
setores,mg,Governador Valadares,3127701,DIST02 95,,318,318,28,28
setores,mg,Ipatinga,3131307,DIST02 88,,130,130,16,16
setores,mg,Ipatinga,3131307,DIST02 89,,131,131,20,20
setores,mg,Ipatinga,3131307,DIST02 90,,348,348,17,18
setores,mg,Juiz de Fora,3136702,DIST02 82,,152,152,38,38
setores,mg,Juiz de Fora,3136702,DIST02 83,,153,153,36,40
setores,mg,Juiz de Fora,3136702,DIST02 84,,315,349,47,48
setores,mg,Juiz de Fora,3136702,DIST02 85,,349,315,47,48
setores,mg,Montes Claros,3143302,DIST02 103,,184,184,41,43
setores,mg,Montes Claros,3143302,DIST02 104,,185,185,39,44
setores,mg,Montes Claros,3143302,DIST02 105,,317,317,61,66
setores,mg,Patos de Minas,3148004,DIST02 98,,210,210,30,33
setores,mg,Patos de Minas,3148004,DIST02 99,,330,330,37,44
setores,mg,Poços de Caldas,3151800,DIST02 80,,222,222,25,25
setores,mg,Poços de Caldas,3151800,DIST02 81,,350,350,30,30
setores,mg,Sete Lagoas,3167202,DIST02 100,,263,263,22,23
setores,mg,Sete Lagoas,3167202,DIST02 101,,264,264,17,18
setores,mg,Sete Lagoas,3167202,DIST02 102,,322,322,26,29
setores,mg,Uberaba,3170107,DIST02 72,,276,276,19,19
setores,mg,Uberaba,3170107,DIST02 73,,326,326,26,26
setores,mg,Uberaba,3170107,DIST02 74,,347,347,36,38
setores,mg,Uberlândia,3170206,DIST02 75,,278,278,35,35
setores,mg,Uberlândia,3170206,DIST02 76,,279,279,31,31
setores,mg,Uberlândia,3170206,DIST02 77,,299,299,16,16
setores,mg,Uberlândia,3170206,DIST02 78,,314,314,27,27
setores,mg,Uberlândia,3170206,DIST02 79,,335,335,16,16
setores,es,Cachoeiro de Itapemirim,3201209,DIST02 86,,2,2,32,32
setores,es,Cachoeiro de Itapemirim,3201209,DIST02 87,,48,48,33,33
setores,rj,Angra dos Reis,3300100,DIST02 56,,116,116,42,42
setores,rj,Angra dos Reis,3300100,DIST02 57,,147,147,34,35
setores,rj,Barra Mansa,3300407,DIST02 50,,91,91,38,38
setores,rj,Barra Mansa,3300407,DIST02 51,,94,94,23,23
setores,rj,Cabo Frio,3300704,DIST02 58,,96,96,25,25
setores,rj,Cabo Frio,3300704,DIST02 59,,256,256,40,40
setores,rj,Campos dos Goytacazes,3301009,DIST02 68,,75,75,61,61
setores,rj,Campos dos Goytacazes,3301009,DIST02 69,,76,76,49,49
setores,rj,Campos dos Goytacazes,3301009,DIST02 70,,98,98,49,50
setores,rj,Campos dos Goytacazes,3301009,DIST02 71,,129,129,39,39
setores,rj,Macaé,3302403,DIST02 66,,109,109,50,50
setores,rj,Macaé,3302403,DIST02 67,,254,254,34,34
setores,rj,Nova Friburgo,3303401,DIST02 64,,26,26,29,29
setores,rj,Nova Friburgo,3303401,DIST02 65,,222,222,45,46
setores,rj,Resende,3304201,DIST02 54,,31,31,31,31
setores,rj,Resende,3304201,DIST02 55,,198,198,21,21
setores,rj,Teresópolis,3305802,DIST02 62,,38,38,24,24
setores,rj,Teresópolis,3305802,DIST02 63,,195,195,48,50
setores,rj,Três Rios,3306008,DIST02 60,,40,40,19,19
setores,rj,Três Rios,3306008,DIST02 61,,174,174,31,31
setores,rj,Volta Redonda,3306305,DIST02 52,,90,90,36,36
setores,rj,Volta Redonda,3306305,DIST02 53,,131,131,37,37
setores,sp,Araçatuba,3502804,DIST02 6,,11,11,29,29
setores,sp,Araçatuba,3502804,DIST02 7,,299,299,32,32
setores,sp,Araraquara,3503208,DIST02 20,,13,13,26,27
setores,sp,Araraquara,3503208,DIST02 21,,385,385,39,39
setores,sp,Bauru,3506003,DIST02 12,,23,23,39,39
setores,sp,Bauru,3506003,DIST02 13,,300,300,24,24
setores,sp,Bauru,3506003,DIST02 14,,387,387,24,24
setores,sp,Bragança Paulista,3507605,DIST02 40,,27,27,43,43
setores,sp,Bragança Paulista,3507605,DIST02 41,,298,298,10,10
setores,sp,Franca,3516200,DIST02 26,,46,46,32,33
setores,sp,Franca,3516200,DIST02 27,,291,291,32,32
setores,sp,Jacareí,3524402,DIST02 46,,62,62,35,35
setores,sp,Jacareí,3524402,DIST02 47,,396,396,32,32
setores,sp,Jundiaí,3525904,DIST02 37,,65,65,26,26
setores,sp,Jundiaí,3525904,DIST02 38,,281,281,35,35
setores,sp,Jundiaí,3525904,DIST02 39,,424,424,16,16
setores,sp,Limeira,3526902,DIST02 28,,66,66,43,43
setores,sp,Limeira,3526902,DIST02 29,,399,399,42,42
setores,sp,Marília,3529005,DIST02 10,,70,70,40,40
setores,sp,Marília,3529005,DIST02 11,,400,400,35,35
setores,sp,Piracicaba,3538709,DIST02 15,,93,93,27,27
setores,sp,Piracicaba,3538709,DIST02 16,,244,244,18,18
setores,sp,Piracicaba,3538709,DIST02 17,,270,270,52,52
setores,sp,Presidente Prudente,3541406,DIST02 8,,101,101,32,32
setores,sp,Presidente Prudente,3541406,DIST02 9,,402,402,31,31
setores,sp,Ribeirão Preto,3543402,DIST02 22,,108,108,30,30
setores,sp,Ribeirão Preto,3543402,DIST02 23,,265,265,36,36
setores,sp,Ribeirão Preto,3543402,DIST02 24,,266,266,29,29
setores,sp,Ribeirão Preto,3543402,DIST02 25,,305,305,38,38
setores,sp,Rio Claro,3543907,DIST02 30,,110,110,25,25
setores,sp,Rio Claro,3543907,DIST02 31,,288,288,26,26
setores,sp,São Carlos,3548906,DIST02 18,,121,121,32,32
setores,sp,São Carlos,3548906,DIST02 19,,410,410,24,24
setores,sp,São José do Rio Preto,3549805,DIST02 3,,125,125,29,29
setores,sp,São José do Rio Preto,3549805,DIST02 4,,267,267,49,49
setores,sp,São José do Rio Preto,3549805,DIST02 5,,268,268,46,46
setores,sp,São José dos Campos,3549904,DIST02 42,,127,127,43,43
setores,sp,São José dos Campos,3549904,DIST02 43,,282,282,28,28
setores,sp,São José dos Campos,3549904,DIST02 44,,411,411,31,31
setores,sp,São José dos Campos,3549904,DIST02 45,,412,412,38,38
setores,sp,Sorocaba,3552205,DIST02 32,,137,137,28,28
setores,sp,Sorocaba,3552205,DIST02 33,,271,271,31,31
setores,sp,Sorocaba,3552205,DIST02 34,,342,342,39,39
setores,sp,Sorocaba,3552205,DIST02 35,,343,343,37,37
setores,sp,Sorocaba,3552205,DIST02 36,,356,356,44,44
setores,sp,Taubaté,3554102,DIST02 48,,141,141,27,27
setores,sp,Taubaté,3554102,DIST02 49,,407,407,45,45
setores,pr,Cascavel,4104808,DIST02 1,,68,68,43,43
setores,pr,Cascavel,4104808,DIST02 2,,143,143,40,40
setores,pr,Colombo,4105805,DIST02 3,,49,49,27,27
setores,pr,Colombo,4105805,DIST02 4,,186,186,28,28
setores,pr,Curitiba,4106902,DIST02 5,,1,1,45,46
setores,pr,Curitiba,4106902,DIST02 6,,2,2,33,34
setores,pr,Curitiba,4106902,DIST02 7,,3,3,34,35
setores,pr,Curitiba,4106902,DIST02 8,,4,4,38,40
setores,pr,Curitiba,4106902,DIST02 9,,145,145,43,44
setores,pr,Curitiba,4106902,DIST02 10,,174,174,44,45
setores,pr,Curitiba,4106902,DIST02 11,,175,175,40,40
setores,pr,Curitiba,4106902,DIST02 12,,176,176,23,24
setores,pr,Curitiba,4106902,DIST02 13,,177,177,37,38
setores,pr,Curitiba,4106902,DIST02 14,,178,178,47,48
setores,pr,Foz do Iguaçu,4108304,DIST02 15,,46,46,30,30
setores,pr,Foz do Iguaçu,4108304,DIST02 16,,104,104,22,22
setores,pr,Foz do Iguaçu,4108304,DIST02 17,,147,147,15,15
setores,pr,Guarapuava,4109401,DIST02 18,,43,43,66,66
setores,pr,Guarapuava,4109401,DIST02 19,,44,44,31,31
setores,pr,Londrina,4113700,DIST02 20,,41,41,47,47
setores,pr,Londrina,4113700,DIST02 21,,42,42,26,26
setores,pr,Londrina,4113700,DIST02 22,,146,146,39,39
setores,pr,Londrina,4113700,DIST02 23,,157,157,33,33
setores,pr,Maringá,4115200,DIST02 24,,66,66,43,43
setores,pr,Maringá,4115200,DIST02 25,,137,137,35,35
setores,pr,Maringá,4115200,DIST02 26,,192,192,49,50
setores,pr,Ponta Grossa,4119905,DIST02 27,,14,14,46,48
setores,pr,Ponta Grossa,4119905,DIST02 28,,15,15,44,44
setores,pr,Ponta Grossa,4119905,DIST02 29,,139,139,32,32
setores,pr,São José dos Pinhais,4125506,DIST02 30,,8,8,45,45
setores,pr,São José dos Pinhais,4125506,DIST02 31,,199,199,33,33
setores,sc,Balneário Camboriú,4202008,DIST02 1,,56,56,10,10
setores,sc,Balneário Camboriú,4202008,DIST02 2,,103,103,4,4
setores,sc,Blumenau,4202404,DIST02 3,,3,3,32,32
setores,sc,Blumenau,4202404,DIST02 4,,88,88,27,27
setores,sc,Brusque,4202909,DIST02 5,,5,5,14,14
setores,sc,Brusque,4202909,DIST02 6,,86,86,34,34
setores,sc,Chapecó,4204202,DIST02 7,,35,35,25,25
setores,sc,Chapecó,4204202,DIST02 8,,94,94,28,28
setores,sc,Concórdia,4204301,DIST02 9,,9,9,37,37
setores,sc,Concórdia,4204301,DIST02 10,,90,90,22,24
setores,sc,Criciúma,4204608,DIST02 11,,10,10,25,26
setores,sc,Criciúma,4204608,DIST02 12,,92,92,18,19
setores,sc,Criciúma,4204608,DIST02 13,,98,98,18,18
setores,sc,Florianópolis,4205407,DIST02 14,,12,12,42,42
setores,sc,Florianópolis,4205407,DIST02 15,,13,13,52,52
setores,sc,Florianópolis,4205407,DIST02 16,,100,100,44,44
setores,sc,Itajaí,4208203,DIST02 17,,16,16,21,21
setores,sc,Itajaí,4208203,DIST02 18,,97,97,37,37
setores,sc,Jaraguá do Sul,4208906,DIST02 19,,17,17,28,28
setores,sc,Jaraguá do Sul,4208906,DIST02 20,,87,87,22,22
setores,sc,Joinville,4209102,DIST02 21,,19,19,21,22
setores,sc,Joinville,4209102,DIST02 22,,76,76,19,19
setores,sc,Joinville,4209102,DIST02 23,,95,95,19,20
setores,sc,Joinville,4209102,DIST02 24,,96,96,17,17
setores,sc,Joinville,4209102,DIST02 25,,105,105,21,21
setores,sc,Lages,4209300,DIST02 26,,21,21,19,20
setores,sc,Lages,4209300,DIST02 27,,93,93,13,13
setores,sc,Lages,4209300,DIST02 28,,104,104,13,13
setores,sc,Palhoça,4211900,DIST02 29,,24,24,18,18
setores,sc,Palhoça,4211900,DIST02 30,,107,107,27,27
setores,sc,São José,4216602,DIST02 31,,29,29,28,28
setores,sc,São José,4216602,DIST02 32,,84,84,15,16
setores,sc,Tubarão,4218707,DIST02 33,,33,33,25,25
setores,sc,Tubarão,4218707,DIST02 34,,99,99,14,14
setores,rs,Alvorada,4300604,DIST02 1,,74,74,22,22
setores,rs,Alvorada,4300604,DIST02 2,,124,124,22,22
setores,rs,Bagé,4301602,DIST02 3,,7,7,20,20
setores,rs,Bagé,4301602,DIST02 4,,142,142,25,25
setores,rs,Canoas,4304606,DIST02 5,,66,66,41,41
setores,rs,Canoas,4304606,DIST02 6,,134,134,50,50
setores,rs,Caxias do Sul,4305108,DIST02 7,,16,16,51,51
setores,rs,Caxias do Sul,4305108,DIST02 8,,136,136,51,51
setores,rs,Caxias do Sul,4305108,DIST02 9,,169,169,57,57
setores,rs,Erechim,4307005,DIST02 10,,20,20,21,22
setores,rs,Erechim,4307005,DIST02 11,,148,148,26,26
setores,rs,Gravataí,4309209,DIST02 12,,71,71,41,43
setores,rs,Gravataí,4309209,DIST02 13,,173,173,32,32
setores,rs,Novo Hamburgo,4313409,DIST02 14,,76,76,24,24
setores,rs,Novo Hamburgo,4313409,DIST02 15,,172,172,29,29
setores,rs,Passo Fundo,4314100,DIST02 16,,33,33,40,40
setores,rs,Passo Fundo,4314100,DIST02 17,,128,128,44,44
setores,rs,Pelotas,4314407,DIST02 18,,34,34,23,24
setores,rs,Pelotas,4314407,DIST02 19,,60,60,62,63
setores,rs,Pelotas,4314407,DIST02 20,,164,164,15,15
setores,rs,Porto Alegre,4314902,DIST02 21,,1,1,43,43
setores,rs,Porto Alegre,4314902,DIST02 22,,2,2,44,46
setores,rs,Porto Alegre,4314902,DIST02 23,,111,111,33,33
setores,rs,Porto Alegre,4314902,DIST02 24,,112,112,31,31
setores,rs,Porto Alegre,4314902,DIST02 25,,113,113,29,29
setores,rs,Porto Alegre,4314902,DIST02 26,,114,114,31,32
setores,rs,Porto Alegre,4314902,DIST02 27,,158,158,24,24
setores,rs,Porto Alegre,4314902,DIST02 28,,159,159,2,2
setores,rs,Porto Alegre,4314902,DIST02 29,,160,160,26,28
setores,rs,Porto Alegre,4314902,DIST02 30,,161,161,39,39
setores,rs,Rio Grande,4315602,DIST02 31,,37,37,27,29
setores,rs,Rio Grande,4315602,DIST02 32,,163,163,31,31
setores,rs,Santa Cruz do Sul,4316808,DIST02 33,,40,40,61,62
setores,rs,Santa Cruz do Sul,4316808,DIST02 34,,162,162,29,29
setores,rs,Santa Maria,4316907,DIST02 35,,41,41,49,49
setores,rs,Santa Maria,4316907,DIST02 36,,135,135,66,66
setores,rs,São Leopoldo,4318705,DIST02 37,,51,51,23,23
setores,rs,São Leopoldo,4318705,DIST02 38,,73,73,25,25
setores,rs,Viamão,4323002,DIST02 39,,59,59,40,40
setores,rs,Viamão,4323002,DIST02 40,,72,72,37,37
setores,ms,Campo Grande,5002704,DIST02 1,,8,8,38,38
setores,ms,Campo Grande,5002704,DIST02 2,,35,35,35,35
setores,ms,Campo Grande,5002704,DIST02 3,,36,36,37,38
setores,ms,Campo Grande,5002704,DIST02 4,,44,44,34,36
setores,ms,Campo Grande,5002704,DIST02 5,,53,53,35,35
setores,ms,Campo Grande,5002704,DIST02 6,,54,54,29,31
setores,ms,Corumbá,5003207,DIST02 7,,7,7,29,29
setores,ms,Corumbá,5003207,DIST02 8,,50,50,15,18
setores,ms,Dourados,5003702,DIST02 9,,18,18,45,45
setores,ms,Dourados,5003702,DIST02 10,,43,43,35,36
setores,ms,Ponta Porã,5006606,DIST02 11,,19,19,13,15
setores,ms,Ponta Porã,5006606,DIST02 12,,52,52,18,18
setores,ms,Três Lagoas,5008305,DIST02 13,,9,9,16,16
setores,ms,Três Lagoas,5008305,DIST02 14,,51,51,16,16
setores,mt,Cuiabá,5103403,DIST02 1,,1,1,37,37
setores,mt,Cuiabá,5103403,DIST02 2,,39,39,42,42
setores,mt,Cuiabá,5103403,DIST02 3,,51,51,37,38
setores,mt,Cuiabá,5103403,DIST02 4,,55,55,50,50
setores,mt,Rondonópolis,5107602,DIST02 5,,10,10,35,35
setores,mt,Rondonópolis,5107602,DIST02 6,,46,46,39,39
setores,mt,Várzea Grande,5108402,DIST02 7,,20,20,46,46
setores,mt,Várzea Grande,5108402,DIST02 8,,49,49,46,46
setores,go,Anápolis,5201108,DIST02 1,,3,3,41,42
setores,go,Anápolis,5201108,DIST02 2,,141,141,39,42
setores,go,Anápolis,5201108,DIST02 3,,144,144,36,36
setores,go,Rio Verde,5218805,DIST02 4,,30,30,39,39
setores,go,Rio Verde,5218805,DIST02 5,,140,140,28,29
