municipio,var_pct_2002,var_pct_2006,var_pct_2010,var_pct_2014,var_pct_2018,var_pct_2022
AMAPÁ,-7.39,-18.01,-7.7,-10.64,-13.27,-17.01
CALÇOENE,-10.52,-17.2,-9.13,-9.1,-11.8,-15.72
CUTIAS,-13.28,-24.53,-13.99,-13.87,-18.49,-24.1
FERREIRA GOMES,-9.72,-18.43,-5.32,-12.03,-20.18,-18.59
ITAUBAL,-9.27,-21.55,-12.36,-10.4,-16.37,-25.12
LARANJAL DO JARI,-7.65,-10.74,-9.01,-6.53,-10.47,-10.82
MACAPÁ,-2.51,-7.83,-3.77,-3.08,-5.43,-7.52
MAZAGÃO,-8.84,-20.02,-11.17,-7.4,-12.43,-16.67
OIAPOQUE,-9.02,-12.65,-9.84,-10.68,-11.35,-11.42
PEDRA BRANCA DO AMAPARI,-7.19,-12.76,-7.61,-9.79,-11.6,-13.3
PORTO GRANDE,-4.28,-10.39,-6.36,-5.74,-10.37,-10.83
PRACUÚBA,-6.34,-19.74,-14.31,-10.67,-15.74,-23.06
SANTANA,-3.11,-7.5,-4.83,-3.9,-6.01,-7.25
SERRA DO NAVIO,-2.46,-10.54,-8.47,-6.77,-10.51,-13.86
TARTARUGALZINHO,-14.41,-19.95,-10.38,-9.71,-15.96,-18.77
VITÓRIA DO JARI,-11.95,-14.73,-10.85,-8.36,-14.0,-14.91
