local,municipio,zona,eleitores_perfil,comparecimento_1t,comparecimento_2t,comparecimento_var_pct,lula1,lula2,bols1,bols2,tebet,ciro,bn1,bn2,lula_1t_2vias,lula_2t_2vias,swing_pp,renda_media_entorno,sup_pct,analf_pct
1_6009_1040,PRACUÚBA,1,61,46,28,-39.1304,18,9,27,19,0,1,0,0,40.0,32.1429,-7.8571,1461.74,13.1148,3.2787
1_6009_1058,PRACUÚBA,1,541,448,346,-22.7679,271,227,140,114,17,6,9,5,65.9367,66.5689,0.6322,1233.76,8.5028,2.9575
1_6009_1112,PRACUÚBA,1,1986,1660,1276,-23.1325,877,636,695,623,45,19,17,17,55.7888,50.5163,-5.2725,1457.66,8.2075,2.3162
1_6009_1120,PRACUÚBA,1,324,271,235,-13.2841,116,105,136,127,8,7,4,3,46.0317,45.2586,-0.7731,1284.08,6.7901,4.6296
1_6009_1228,PRACUÚBA,1,588,446,307,-31.1659,222,163,187,140,22,4,9,4,54.2787,53.7954,-0.4833,1138.66,5.9524,4.5918
1_6009_1244,PRACUÚBA,1,102,91,81,-10.989,56,45,32,35,2,0,1,1,63.6364,56.25,-7.3864,1101.74,7.8431,6.8627
1_6009_1252,PRACUÚBA,1,138,117,96,-17.9487,100,84,14,11,0,0,0,1,87.7193,88.4211,0.7018,1107.42,8.6957,10.1449
1_6017_1015,AMAPÁ,1,1303,1033,867,-16.0697,611,542,312,305,68,20,21,20,66.1972,63.9906,-2.2066,2167.17,11.3584,4.221
1_6017_1031,AMAPÁ,1,94,65,56,-13.8462,46,36,17,19,1,0,1,1,73.0159,65.4545,-7.5613,2247.62,5.3191,7.4468
1_6017_1074,AMAPÁ,1,228,173,123,-28.9017,64,59,92,63,1,1,13,1,41.0256,48.3607,7.335,1297.24,1.7544,17.1053
1_6017_1104,AMAPÁ,1,2995,2421,2035,-15.9438,1411,1243,771,751,130,44,43,41,64.6654,62.337,-2.3284,1876.7,9.8497,3.4057
1_6017_1171,AMAPÁ,1,919,720,633,-12.0833,428,404,220,218,38,6,24,11,66.0494,64.9518,-1.0976,2015.91,8.2699,7.0729
1_6017_1260,AMAPÁ,1,270,241,220,-8.7137,172,156,44,60,19,1,4,4,79.6296,72.2222,-7.4074,1173.77,6.6667,0.3704
1_6017_1279,AMAPÁ,1,507,377,291,-22.8117,189,162,142,121,24,7,8,8,57.0997,57.2438,0.1441,2099.56,14.5957,1.5779
1_6017_1295,AMAPÁ,1,431,336,231,-31.25,173,129,139,99,10,7,4,3,55.4487,56.5789,1.1302,1789.57,11.3689,2.3202
1_6017_1309,AMAPÁ,1,124,102,82,-19.6078,65,54,30,27,4,1,2,1,68.4211,66.6667,-1.7544,1264.45,8.0645,2.4194
1_6033_1015,CALÇOENE,1,1865,1450,1258,-13.2414,898,828,433,413,49,34,24,17,67.4681,66.7204,-0.7477,1752.64,9.2761,3.0027
1_6033_1023,CALÇOENE,1,1325,988,845,-14.4737,601,555,262,275,72,36,12,15,69.6408,66.8675,-2.7733,2143.63,13.8113,2.7925
1_6033_1031,CALÇOENE,1,813,660,553,-16.2121,398,356,219,188,11,9,20,9,64.5057,65.4412,0.9355,1168.04,5.5351,6.7651
1_6033_1040,CALÇOENE,1,1664,1233,1044,-15.3285,480,417,667,609,36,17,28,18,41.8483,40.6433,-1.205,2033.05,4.387,3.9062
1_6033_1058,CALÇOENE,1,782,594,507,-14.6465,359,329,173,168,30,13,15,10,67.4812,66.1972,-1.284,1436.36,9.335,6.5217
1_6033_1066,CALÇOENE,1,183,155,121,-21.9355,108,84,33,36,5,2,7,1,76.5957,70.0,-6.5957,1934.56,6.0109,7.1038
1_6033_1074,CALÇOENE,1,1012,714,572,-19.888,429,385,196,182,49,26,10,5,68.64,67.9012,-0.7388,2141.06,8.7945,2.3715
1_6033_1082,CALÇOENE,1,650,460,371,-19.3478,283,246,134,115,17,11,10,10,67.8657,68.144,0.2783,1714.53,8.6154,3.3846
10_6041_1015,ITAUBAL,10,1111,932,738,-20.8155,482,389,362,338,50,16,13,11,57.109,53.5076,-3.6014,1309.1,11.6112,2.4302
10_6041_1023,ITAUBAL,10,2445,2007,1604,-20.0797,965,783,888,802,58,47,30,19,52.0777,49.4006,-2.6771,1466.29,9.9796,3.9264
10_6041_1031,ITAUBAL,10,210,182,127,-30.2198,89,64,62,61,6,19,3,2,58.9404,51.2,-7.7404,1073.2,1.4286,8.0952
10_6041_1040,ITAUBAL,10,373,301,226,-24.9169,178,148,83,76,16,6,8,2,68.1992,66.0714,-2.1278,1119.67,4.0214,6.9705
10_6041_1058,ITAUBAL,10,766,644,491,-23.7578,351,299,213,184,42,18,9,8,62.234,61.9048,-0.3293,1769.04,14.6214,1.0444
10_6041_1066,ITAUBAL,10,198,139,103,-25.8993,72,57,50,46,2,5,7,0,59.0164,55.3398,-3.6766,1133.29,4.5455,7.5758
10_6041_1074,ITAUBAL,10,387,330,216,-34.5455,258,189,39,20,5,16,6,7,86.8687,90.4306,3.5619,1010.49,3.6176,10.8527
10_6041_1082,ITAUBAL,10,360,293,250,-14.6758,117,110,147,135,16,5,7,5,44.3182,44.898,0.5798,1356.95,5.8333,2.2222
10_6041_1090,ITAUBAL,10,299,249,149,-40.1606,165,107,57,38,12,6,9,4,74.3243,73.7931,-0.5312,1157.1,3.6789,6.3545
10_6041_1104,ITAUBAL,10,1210,903,574,-36.4341,349,220,472,347,40,20,15,7,42.5091,38.8007,-3.7084,1574.31,10.5785,2.7273
10_6050_1015,MACAPÁ,10,3183,2604,2411,-7.4117,1093,1084,1131,1262,204,77,62,65,49.1457,46.2063,-2.9394,2818.33,15.8655,3.1731
10_6050_1023,MACAPÁ,10,4168,3391,3261,-3.8337,1398,1561,1400,1603,327,146,73,97,49.9643,49.3363,-0.628,4710.8,35.1488,0.8157
10_6050_1031,MACAPÁ,10,2564,2124,2015,-5.1318,784,882,948,1063,205,101,44,70,45.2656,45.347,0.0815,5612.55,43.0577,0.468
10_6050_1040,MACAPÁ,10,2129,1762,1671,-5.1646,742,808,727,816,150,70,42,47,50.5106,49.7537,-0.7569,3784.84,22.8276,1.8318
10_6050_1058,MACAPÁ,10,4292,3464,3245,-6.3222,1389,1461,1511,1685,306,117,93,99,47.8966,46.4399,-1.4566,3539.48,20.1538,1.0951
10_6050_1066,MACAPÁ,10,3626,3006,2784,-7.3852,1225,1223,1329,1483,246,99,57,78,47.964,45.1959,-2.7681,3114.47,20.8494,1.8202
10_6050_1074,MACAPÁ,10,3959,3088,2820,-8.6788,1250,1274,1332,1465,248,123,98,81,48.4121,46.5133,-1.8988,2827.73,16.7214,2.4501
10_6050_1082,MACAPÁ,10,709,601,521,-13.3111,371,323,184,192,24,8,10,6,66.8468,62.7184,-4.1284,1301.45,4.9365,8.3216
10_6050_1090,MACAPÁ,10,588,473,340,-28.1184,261,208,161,125,36,2,9,7,61.8483,62.4625,0.6141,1248.27,4.7619,5.102
10_6050_1104,MACAPÁ,10,869,726,604,-16.8044,372,352,227,242,90,16,13,10,62.1035,59.2593,-2.8442,1677.78,8.1703,3.9125
10_6050_1112,MACAPÁ,10,695,605,487,-19.5041,322,290,187,186,62,15,10,11,63.2613,60.9244,-2.3369,1381.78,7.1942,3.741
10_6050_1120,MACAPÁ,10,363,323,261,-19.195,237,199,50,60,19,6,7,2,82.5784,76.834,-5.7444,1064.87,3.5813,7.7135
10_6050_1139,MACAPÁ,10,131,110,101,-8.1818,50,53,43,44,13,2,1,4,53.7634,54.6392,0.8757,1211.88,3.0534,1.5267
10_6050_1147,MACAPÁ,10,439,393,344,-12.4682,237,202,121,139,14,13,6,3,66.2011,59.2375,-6.9636,1377.27,4.7836,4.1002
10_6050_1155,MACAPÁ,10,263,215,189,-12.093,175,163,30,26,5,1,4,0,85.3659,86.2434,0.8775,1198.68,1.5209,4.5627
10_6050_1163,MACAPÁ,10,954,822,753,-8.3942,506,542,158,183,97,32,20,28,76.2048,74.7586,-1.4462,1835.49,11.6352,2.935
10_6050_1171,MACAPÁ,10,367,305,260,-14.7541,83,72,200,183,5,9,8,5,29.3286,28.2353,-1.0933,1497.77,4.3597,6.5395
10_6050_1180,MACAPÁ,10,1882,1599,1509,-5.6285,688,710,638,754,140,70,42,45,51.8854,48.4973,-3.3881,3971.45,30.0744,1.0096
10_6050_1198,MACAPÁ,10,4182,3350,3196,-4.597,1281,1365,1523,1745,284,123,89,86,45.6847,43.8907,-1.7941,3000.79,22.0947,1.7934
10_6050_1201,MACAPÁ,10,331,271,221,-18.4502,144,139,84,82,28,6,3,0,63.1579,62.8959,-0.262,1539.48,4.8338,5.136
10_6050_1210,MACAPÁ,10,615,538,455,-15.4275,329,316,141,134,40,13,9,5,70.0,70.2222,0.2222,1509.85,7.4797,4.3902
10_6050_1228,MACAPÁ,10,2843,2419,2241,-7.3584,997,1011,1064,1168,199,75,48,62,48.3746,46.3974,-1.9771,3137.24,25.7474,1.0904
10_6050_1236,MACAPÁ,10,437,370,296,-20.0,217,167,116,124,14,15,7,5,65.1652,57.3883,-7.7768,1080.92,0.4577,14.1876
10_6050_1244,MACAPÁ,10,2924,2409,2269,-5.8115,1002,1075,961,1116,221,124,64,78,51.0443,49.0644,-1.98,4790.34,34.1997,0.9234
10_6050_1252,MACAPÁ,10,652,568,503,-11.4437,427,393,83,103,26,13,13,7,83.7255,79.2339,-4.4916,1292.19,4.2945,4.4479
10_6050_1260,MACAPÁ,10,143,126,104,-17.4603,78,83,23,21,24,1,0,0,77.2277,79.8077,2.58,1180.38,6.2937,2.0979
10_6050_1279,MACAPÁ,10,4081,3199,2953,-7.6899,1107,1097,1599,1752,242,110,94,104,40.9091,38.5047,-2.4044,2306.77,13.085,1.2742
10_6050_1287,MACAPÁ,10,4285,3498,3173,-9.291,1419,1356,1589,1742,257,71,95,75,47.1742,43.7702,-3.404,2112.44,10.2917,4.0607
10_6050_1295,MACAPÁ,10,3184,2671,2437,-8.7608,1038,1021,1246,1363,215,78,57,53,45.4466,42.8272,-2.6194,2073.78,13.1281,4.4912
10_6050_1309,MACAPÁ,10,1543,1153,1081,-6.2446,413,425,570,611,81,43,42,45,42.0142,41.0232,-0.9911,3024.9,15.2949,2.5275
10_6050_1317,MACAPÁ,10,4334,3535,3266,-7.6096,1271,1298,1730,1870,244,152,93,98,42.3525,40.9722,-1.3803,2520.12,18.1357,1.1306
10_6050_1325,MACAPÁ,10,3837,3001,2782,-7.2976,1162,1164,1431,1538,185,91,94,80,44.813,43.0792,-1.7338,2233.75,10.9461,2.1892
10_6050_1333,MACAPÁ,10,824,644,564,-12.4224,277,260,297,297,27,15,18,7,48.2578,46.6786,-1.5792,5069.24,10.4369,4.9757
10_6050_1341,MACAPÁ,10,2093,1751,1570,-10.337,741,741,734,795,155,46,47,34,50.2373,48.2422,-1.9951,2585.33,13.1868,4.2523
10_6050_1350,MACAPÁ,10,1842,1524,1408,-7.6115,612,640,644,727,122,85,33,41,48.7261,46.8178,-1.9083,4339.67,32.0847,0.8143
10_6050_1368,MACAPÁ,10,2763,2230,2130,-4.4843,809,873,1087,1201,170,81,49,56,42.6688,42.0926,-0.5762,2355.46,19.7611,1.5925
10_6050_1376,MACAPÁ,10,4575,3634,3383,-6.907,1285,1256,1845,2025,217,136,102,102,41.0543,38.281,-2.7733,3190.29,20.3934,1.1585
10_6050_1384,MACAPÁ,10,366,302,268,-11.2583,129,120,148,141,10,2,9,7,46.5704,45.977,-0.5934,1763.02,6.0109,6.8306
10_6050_1392,MACAPÁ,10,4129,3238,3058,-5.559,1129,1142,1637,1815,240,112,88,101,40.8171,38.6202,-2.1968,2258.22,15.1611,1.332
10_6050_1406,MACAPÁ,10,2153,1738,1618,-6.9045,608,632,857,929,151,62,32,57,41.5017,40.4869,-1.0148,3509.57,20.483,1.9043
10_6050_1414,MACAPÁ,10,4316,3345,3178,-4.9925,1221,1271,1637,1833,228,110,99,74,42.7222,40.9472,-1.775,2076.95,15.4541,1.8536
10_6050_1422,MACAPÁ,10,3607,2800,2628,-6.1429,1053,1055,1343,1503,196,89,70,70,43.9482,41.2432,-2.7051,2486.41,15.8581,1.1644
10_6050_1430,MACAPÁ,10,318,271,236,-12.9151,187,176,50,55,13,1,9,5,78.903,76.1905,-2.7125,992.38,1.5723,4.717
10_6050_1449,MACAPÁ,10,202,181,161,-11.0497,70,64,86,97,14,1,4,0,44.8718,39.7516,-5.1202,1525.97,3.9604,6.4356
10_6050_1457,MACAPÁ,10,83,66,62,-6.0606,30,32,27,30,4,3,1,0,52.6316,51.6129,-1.0187,1222.03,2.4096,3.6145
10_6050_1465,MACAPÁ,10,2266,1907,1790,-6.1353,728,765,858,977,183,62,51,48,45.9016,43.915,-1.9866,3553.93,27.714,1.5004
10_6050_1473,MACAPÁ,10,2170,1707,1605,-5.9754,612,652,784,895,162,72,46,58,43.8395,42.1461,-1.6935,3776.48,30.2304,0.6452
10_6050_1481,MACAPÁ,10,181,159,135,-15.0943,130,119,13,16,11,4,1,0,90.9091,88.1481,-2.7609,1291.41,6.6298,2.7624
10_6050_1490,MACAPÁ,10,202,184,165,-10.3261,139,132,27,30,13,2,2,3,83.7349,81.4815,-2.2535,1032.89,2.4752,3.4653
10_6050_1503,MACAPÁ,10,3624,2949,2826,-4.1709,1067,1155,1426,1610,260,97,59,61,42.7998,41.7722,-1.0277,3650.84,24.6413,1.3521
10_6050_1511,MACAPÁ,10,3229,2470,2277,-7.8138,844,868,1248,1336,181,96,68,73,40.3442,39.3829,-0.9612,2154.07,13.3168,1.5485
10_6050_1520,MACAPÁ,10,5292,4104,3839,-6.4571,1515,1515,1967,2205,271,175,123,119,43.5095,40.7258,-2.7837,2011.31,11.9992,1.5684
10_6050_1538,MACAPÁ,10,1938,1515,1362,-10.099,620,589,678,739,89,66,38,34,47.7658,44.3524,-3.4134,2474.27,14.3963,3.4056
10_6050_1546,MACAPÁ,10,4779,3723,3469,-6.8225,1358,1381,1786,1948,236,133,153,140,43.1934,41.4839,-1.7095,2253.43,12.3875,2.0925
10_6050_1554,MACAPÁ,10,731,585,532,-9.0598,206,211,285,307,41,28,13,14,41.9552,40.7336,-1.2216,2471.52,17.0999,1.2312
10_6050_1562,MACAPÁ,10,3231,2670,2461,-7.8277,1023,996,1248,1390,223,72,68,75,45.0462,41.7435,-3.3027,2321.26,15.1346,2.3213
10_6050_1570,MACAPÁ,10,226,208,166,-20.1923,99,81,83,84,9,11,6,1,54.3956,49.0909,-5.3047,1044.36,0.885,11.0619
10_6050_1589,MACAPÁ,10,163,139,114,-17.9856,88,77,45,37,3,2,0,0,66.1654,67.5439,1.3784,903.69,0.0,5.5215
10_6050_1597,MACAPÁ,10,132,116,111,-4.3103,12,18,87,91,12,4,1,2,12.1212,16.5138,4.3925,1767.85,18.1818,0.7576
10_6050_1600,MACAPÁ,10,139,122,92,-24.5902,56,55,44,34,14,1,3,3,56.0,61.7978,5.7978,1691.14,5.7554,7.1942
10_6050_1619,MACAPÁ,10,249,220,177,-19.5455,69,54,125,119,10,6,5,4,35.567,31.2139,-4.3531,1509.47,6.4257,4.4177
10_6050_1635,MACAPÁ,10,727,572,489,-14.5105,214,198,294,283,26,10,15,8,42.126,41.1642,-0.9617,2270.33,9.7662,3.7139
10_6050_1660,MACAPÁ,10,2197,1688,1562,-7.4645,618,640,789,862,131,77,55,60,43.9232,42.6099,-1.3134,1872.58,12.0619,1.9117
10_6050_1678,MACAPÁ,10,2669,2141,2019,-5.6983,789,863,977,1098,194,114,39,58,44.6772,44.0082,-0.6691,3571.45,20.7568,1.1615
10_6050_1694,MACAPÁ,10,2157,1681,1517,-9.7561,633,592,817,881,107,52,57,44,43.6552,40.1901,-3.4651,1844.28,11.4047,2.4571
10_6050_1708,MACAPÁ,10,163,147,129,-12.2449,89,84,40,43,13,1,3,2,68.9922,66.1417,-2.8505,1620.16,5.5215,3.681
10_6050_1724,MACAPÁ,10,3385,2594,2333,-10.0617,1099,1083,1088,1188,191,105,68,62,50.2515,47.6882,-2.5632,1478.02,11.5214,1.3589
10_6050_1732,MACAPÁ,10,241,213,193,-9.3897,59,60,129,130,13,5,6,3,31.383,31.5789,0.196,1307.5,12.4481,3.7344
10_6050_1740,MACAPÁ,10,424,330,305,-7.5758,126,126,145,168,24,17,13,11,46.4945,42.8571,-3.6373,2336.18,13.4434,1.4151
10_6050_1759,MACAPÁ,10,1903,1511,1367,-9.5301,635,597,658,734,113,45,39,36,49.1106,44.8535,-4.2571,1817.36,9.3011,3.9937
10_6050_1767,MACAPÁ,10,99,96,84,-12.5,70,61,18,22,3,2,2,1,79.5455,73.494,-6.0515,1119.67,6.0606,12.1212
10_6050_1775,MACAPÁ,10,102,98,83,-15.3061,63,55,22,25,3,1,1,3,74.1176,68.75,-5.3676,1447.32,6.8627,7.8431
10_6050_1783,MACAPÁ,10,241,242,203,-16.1157,91,84,117,114,21,7,4,5,43.75,42.4242,-1.3258,1302.69,12.4481,3.7344
10_6068_1015,CUTIAS,10,2269,1900,1452,-23.5789,1006,799,720,627,100,31,31,26,58.2851,56.0309,-2.2542,1466.07,9.167,4.9802
10_6068_1023,CUTIAS,10,756,646,517,-19.969,397,334,197,175,37,7,7,8,66.835,65.6189,-1.2162,1459.5,7.4074,4.2328
10_6068_1031,CUTIAS,10,1166,894,662,-25.9508,500,391,327,259,33,15,12,12,60.4595,60.1538,-0.3056,1478.0,7.1184,5.7461
10_6068_1040,CUTIAS,10,297,261,221,-15.3257,193,172,46,48,16,3,1,1,80.7531,78.1818,-2.5713,1275.88,8.7542,3.0303
10_6068_1058,CUTIAS,10,566,440,291,-33.8636,220,148,185,139,15,9,6,4,54.321,51.5679,-2.753,1530.76,12.7208,1.0601
11_6084_1015,PEDRA BRANCA DO AMAPARI,11,3172,2386,2101,-11.9447,1152,1026,1027,1023,81,47,60,52,52.8683,50.0732,-2.7951,2122.43,8.1337,3.7831
11_6084_1023,PEDRA BRANCA DO AMAPARI,11,788,614,553,-9.9349,404,380,176,165,11,3,14,8,69.6552,69.7248,0.0696,1396.86,3.6802,7.2335
11_6084_1031,PEDRA BRANCA DO AMAPARI,11,1029,809,722,-10.754,466,421,301,284,20,9,11,17,60.7562,59.7163,-1.0399,1998.94,6.0253,5.8309
11_6084_1040,PEDRA BRANCA DO AMAPARI,11,387,323,283,-12.3839,243,217,65,64,9,2,1,2,78.8961,77.2242,-1.6719,1334.37,2.8424,7.2351
11_6084_1058,PEDRA BRANCA DO AMAPARI,11,451,384,343,-10.6771,376,340,2,1,0,3,3,2,99.4709,99.7067,0.2358,1334.37,1.1086,9.3126
11_6084_1066,PEDRA BRANCA DO AMAPARI,11,3137,2160,1772,-17.963,965,809,1010,933,75,42,49,30,48.8608,46.4409,-2.4199,2123.06,10.0096,2.4227
11_6084_1074,PEDRA BRANCA DO AMAPARI,11,1199,908,801,-11.7841,444,397,386,386,34,27,13,18,53.494,50.7024,-2.7915,2354.34,7.9233,2.7523
11_6106_1015,SERRA DO NAVIO,11,2044,1564,1305,-16.5601,599,515,832,772,48,42,29,18,41.8588,40.0155,-1.8433,2198.71,10.7632,2.2016
11_6106_1023,SERRA DO NAVIO,11,1162,906,805,-11.1479,305,264,535,525,28,16,17,16,36.3095,33.4601,-2.8494,2125.72,2.6678,4.9914
11_6106_1031,SERRA DO NAVIO,11,677,561,501,-10.6952,269,247,252,246,14,8,17,8,51.6315,50.1014,-1.5301,2210.1,7.0901,5.4653
12_6025_1015,PORTO GRANDE,12,2937,2246,2072,-7.7471,1196,1180,815,830,87,66,69,62,59.4729,58.7065,-0.7664,2187.52,12.7341,3.5751
12_6025_1023,PORTO GRANDE,12,1117,921,816,-11.4007,551,524,283,282,40,19,18,10,66.0671,65.0124,-1.0547,1723.68,7.3411,5.3715
12_6025_1031,PORTO GRANDE,12,500,401,305,-23.9401,257,221,98,80,23,9,14,4,72.3944,73.4219,1.0276,1611.5,4.0,6.4
12_6025_1040,PORTO GRANDE,12,945,691,580,-16.0637,332,311,290,258,28,16,18,11,53.3762,54.6573,1.2811,1208.96,4.2328,7.9365
12_6025_1058,PORTO GRANDE,12,3060,2204,1959,-11.1162,1096,990,887,921,68,82,53,48,55.2698,51.8053,-3.4645,1970.82,6.7974,2.7124
12_6025_1066,PORTO GRANDE,12,252,190,161,-15.2632,95,79,79,80,7,2,6,2,54.5977,49.6855,-4.9122,1705.51,4.7619,4.7619
12_6025_1074,PORTO GRANDE,12,342,260,220,-15.3846,147,121,104,98,1,4,4,1,58.5657,55.2511,-3.3146,1171.0,2.6316,5.2632
12_6025_1082,PORTO GRANDE,12,233,183,167,-8.7432,106,107,61,57,7,5,3,3,63.4731,65.2439,1.7708,1590.52,2.5751,6.0086
12_6025_1120,PORTO GRANDE,12,1580,1094,995,-9.0494,547,512,433,458,44,33,26,25,55.8163,52.7835,-3.0328,1687.17,5.6962,4.3038
12_6025_1139,PORTO GRANDE,12,2505,1864,1695,-9.0665,919,842,786,812,51,49,49,41,53.9003,50.9069,-2.9934,2231.05,11.5369,3.4731
12_6025_1147,PORTO GRANDE,12,379,290,254,-12.4138,143,123,119,126,13,4,9,5,54.5802,49.3976,-5.1826,1176.83,5.277,7.124
12_6025_1163,PORTO GRANDE,12,360,248,221,-10.8871,121,110,103,110,9,9,6,1,54.0179,50.0,-4.0179,1453.65,7.2222,4.7222
12_6114_1015,FERREIRA GOMES,12,1667,1411,1181,-16.3005,701,638,544,521,90,38,27,22,56.3052,55.0475,-1.2578,1941.75,17.4565,3.7193
12_6114_1023,FERREIRA GOMES,12,496,402,338,-15.9204,287,256,85,78,16,6,7,4,77.1505,76.6467,-0.5038,1732.91,9.879,3.4274
12_6114_1031,FERREIRA GOMES,12,1880,1576,1280,-18.7817,742,619,672,633,96,22,40,28,52.4752,49.4409,-3.0344,1886.5,16.7553,1.8617
12_6114_1040,FERREIRA GOMES,12,1907,1522,1192,-21.682,691,581,658,576,82,44,41,35,51.2231,50.2161,-1.0071,1886.75,17.1474,2.7792
12_6114_1058,FERREIRA GOMES,12,169,134,116,-13.4328,70,59,50,54,4,3,7,3,58.3333,52.2124,-6.1209,1468.87,4.142,4.142
2_6050_1015,MACAPÁ,2,2071,1715,1636,-4.6064,701,785,713,794,151,90,31,57,49.5757,49.715,0.1393,5932.55,49.7827,0.338
2_6050_1023,MACAPÁ,2,1538,1321,1282,-2.9523,507,577,581,657,133,66,18,48,46.5993,46.7585,0.1592,5902.75,46.684,0.3901
2_6050_1031,MACAPÁ,2,2952,2437,2311,-5.1703,925,1014,1070,1210,219,136,48,87,46.3659,45.5935,-0.7724,6045.15,50.542,0.3388
2_6050_1074,MACAPÁ,2,1648,1331,1275,-4.2074,494,568,609,663,119,51,45,44,44.7869,46.1413,1.3544,5323.98,35.1335,1.4563
2_6050_1082,MACAPÁ,2,3508,2833,2746,-3.0709,1044,1173,1304,1470,239,127,73,103,44.4634,44.3814,-0.082,5399.53,39.9943,0.6842
2_6050_1090,MACAPÁ,2,3498,2772,2656,-4.1847,1067,1147,1237,1399,242,124,67,110,46.3108,45.0511,-1.2597,5579.04,42.7387,0.4002
2_6050_1104,MACAPÁ,2,2817,2361,2285,-3.219,867,962,1100,1233,180,113,69,90,44.0773,43.8269,-0.2504,5216.31,38.4097,0.568
2_6050_1112,MACAPÁ,2,4759,3908,3723,-4.7339,1407,1582,1819,2028,318,227,82,113,43.6144,43.8227,0.2083,5146.17,40.8069,0.2522
2_6050_1120,MACAPÁ,2,2033,1746,1666,-4.5819,615,683,814,925,160,83,43,58,43.0371,42.4751,-0.562,5158.1,38.4161,0.5903
2_6050_1139,MACAPÁ,2,2691,2262,2182,-3.5367,801,933,1041,1182,225,104,54,67,43.4853,44.1135,0.6281,4499.69,35.9346,0.5203
2_6050_1147,MACAPÁ,2,3151,2549,2398,-5.9239,957,1001,1184,1328,200,129,50,69,44.6987,42.9798,-1.7189,4519.27,29.9587,1.5868
2_6050_1155,MACAPÁ,2,4329,3538,3318,-6.2182,1422,1474,1515,1761,305,142,104,83,48.4168,45.5641,-2.8526,3522.06,17.787,2.1945
2_6050_1163,MACAPÁ,2,1569,1268,1237,-2.4448,500,536,571,670,128,25,27,31,46.6853,44.4444,-2.2409,4171.33,24.7291,0.8923
2_6050_1171,MACAPÁ,2,4727,3888,3681,-5.3241,1390,1449,1873,2117,304,163,98,115,42.5988,40.6338,-1.9651,3785.72,26.74,1.0578
2_6050_1180,MACAPÁ,2,3928,3265,3020,-7.5038,1369,1427,1338,1516,315,111,83,77,50.5726,48.4879,-2.0847,2933.3,19.2974,1.6802
2_6050_1210,MACAPÁ,2,639,457,429,-6.1269,166,173,216,235,33,33,5,21,43.4555,42.402,-1.0535,6148.11,42.41,0.7825
2_6050_1228,MACAPÁ,2,1449,1222,1179,-3.5188,422,470,616,679,88,55,28,30,40.6551,40.9051,0.25,3715.6,44.3754,0.4141
2_6050_1295,MACAPÁ,2,2791,2404,2222,-7.5707,1070,1080,1016,1102,165,74,58,40,51.2943,49.4959,-1.7985,2266.21,12.8628,5.1953
2_6050_1341,MACAPÁ,2,935,732,598,-18.306,528,457,152,130,22,11,15,11,77.6471,77.8535,0.2064,1227.62,2.8877,7.2727
2_6050_1350,MACAPÁ,2,340,270,223,-17.4074,193,184,47,39,15,10,5,0,80.4167,82.5112,2.0945,985.6,4.4118,5.8824
2_6050_1368,MACAPÁ,2,289,231,200,-13.4199,149,133,56,62,8,2,11,5,72.6829,68.2051,-4.4778,811.16,0.346,9.6886
2_6050_1554,MACAPÁ,2,2499,2064,1948,-5.6202,779,848,957,1051,167,75,64,49,44.8733,44.6551,-0.2182,2411.43,18.4474,2.2409
2_6050_1589,MACAPÁ,2,2786,2288,2129,-6.9493,876,898,1034,1165,176,101,63,66,45.8639,43.5288,-2.335,4028.86,31.2994,1.1486
2_6050_1600,MACAPÁ,2,5156,4014,3568,-11.1111,1583,1512,1760,1959,316,186,107,97,47.3527,43.5609,-3.7917,3322.46,15.3801,1.9201
2_6050_1619,MACAPÁ,2,3881,3237,3020,-6.7037,1222,1303,1455,1626,264,158,80,91,45.6481,44.4862,-1.1619,3335.94,21.0255,1.881
2_6050_1724,MACAPÁ,2,2957,2381,2255,-5.2919,884,918,1138,1254,164,112,48,83,43.7191,42.2652,-1.4539,6121.77,44.1664,0.8793
2_6050_1732,MACAPÁ,2,3607,2987,2687,-10.0435,1192,1155,1375,1468,188,111,71,64,46.4355,44.0335,-2.402,4837.97,17.5492,3.5764
2_6050_1759,MACAPÁ,2,4180,3412,3227,-5.422,1181,1271,1607,1836,289,192,89,120,42.3601,40.9076,-1.4525,4984.41,40.8134,0.3589
2_6050_1783,MACAPÁ,2,3660,3092,2884,-6.727,1230,1251,1460,1574,214,81,62,59,45.7249,44.2832,-1.4417,2865.53,15.8197,3.6339
2_6050_1791,MACAPÁ,2,4759,3884,3600,-7.312,1545,1547,1717,1959,323,114,124,94,47.3636,44.1244,-3.2392,2320.19,13.7004,2.6896
2_6050_1848,MACAPÁ,2,3794,3106,2860,-7.9202,1234,1252,1441,1540,216,91,91,68,46.1308,44.8424,-1.2884,2705.41,13.3368,4.1645
2_6050_1899,MACAPÁ,2,5824,4650,4339,-6.6882,1853,1945,2052,2249,327,240,107,145,47.452,46.3758,-1.0762,3478.57,35.0103,1.408
2_6050_1902,MACAPÁ,2,3209,2577,2335,-9.3908,1050,1042,1122,1222,219,74,82,71,48.3425,46.0247,-2.3178,1580.72,13.8672,2.2437
2_6050_1937,MACAPÁ,2,1864,1472,1118,-24.0489,1074,859,290,242,25,39,38,17,78.739,78.02,-0.719,1104.11,4.3991,6.9206
2_6050_1953,MACAPÁ,2,1300,1124,1075,-4.3594,429,479,496,554,114,46,29,42,46.3784,46.3698,-0.0086,5520.71,45.6923,0.3077
2_6050_1961,MACAPÁ,2,1006,841,827,-1.6647,335,382,362,420,74,34,22,25,48.0631,47.6309,-0.4322,3062.18,31.6103,0.6958
2_6050_1970,MACAPÁ,2,1864,1554,1444,-7.0785,571,576,737,829,134,46,44,39,43.6544,40.9964,-2.658,2219.91,19.9034,1.073
2_6050_1988,MACAPÁ,2,3325,2768,2608,-5.7803,1072,1121,1232,1406,234,114,85,81,46.5278,44.3609,-2.1669,3371.89,25.4135,0.812
2_6050_1996,MACAPÁ,2,2331,1971,1902,-3.5008,760,853,888,1006,160,75,61,43,46.1165,45.8849,-0.2316,3097.36,26.9412,2.145
2_6050_2003,MACAPÁ,2,4453,3660,3524,-3.7158,1466,1623,1536,1782,290,220,69,119,48.8341,47.6652,-1.1689,4983.13,43.6335,0.4716
2_6050_2020,MACAPÁ,2,3848,3152,2985,-5.2982,1155,1191,1547,1710,212,120,82,84,42.7461,41.0548,-1.6913,2637.88,15.1507,2.4688
2_6050_2038,MACAPÁ,2,4249,3481,3191,-8.3309,1243,1217,1728,1862,217,100,136,112,41.8378,39.5258,-2.3119,3608.37,15.7684,2.8242
2_6050_2046,MACAPÁ,2,2905,2419,2282,-5.6635,862,908,1147,1310,209,91,68,64,42.9069,40.9378,-1.9691,3064.29,21.8244,2.2719
2_6050_2054,MACAPÁ,2,1586,1273,1165,-8.4839,581,573,507,558,86,32,43,34,53.4007,50.6631,-2.7376,2547.01,9.3947,4.9811
2_6050_2062,MACAPÁ,2,1962,1580,1467,-7.1519,575,589,782,844,101,53,48,34,42.3729,41.1026,-1.2703,2143.75,13.6086,3.9246
2_6050_2070,MACAPÁ,2,1058,906,823,-9.1611,365,349,442,454,48,21,18,20,45.2292,43.462,-1.7672,1530.76,4.4423,10.9641
2_6050_2089,MACAPÁ,2,410,331,287,-13.2931,265,243,42,41,10,7,7,3,86.3192,85.5634,-0.7558,802.21,1.9512,6.5854
2_6050_2097,MACAPÁ,2,407,339,293,-13.5693,132,127,164,162,20,12,9,4,44.5946,43.9446,-0.65,2522.67,14.9877,5.6511
2_6050_2100,MACAPÁ,2,227,47,40,-14.8936,37,35,4,4,0,0,5,1,90.2439,89.7436,-0.5003,7523.02,40.0881,0.8811
2_6050_2119,MACAPÁ,2,3360,2785,2452,-11.9569,1155,1088,1252,1312,190,103,51,52,47.985,45.3333,-2.6517,3797.62,20.4167,3.9881
2_6050_2127,MACAPÁ,2,1870,1501,1394,-7.1286,538,575,710,764,123,73,44,55,43.109,42.9425,-0.1665,3181.97,31.016,0.9091
2_6050_2143,MACAPÁ,2,1671,1390,1218,-12.3741,591,522,631,667,91,35,25,29,48.3633,43.9024,-4.4609,2687.09,10.1735,4.6679
2_6050_2151,MACAPÁ,2,3483,2990,2700,-9.699,1174,1172,1378,1469,209,85,99,59,46.0031,44.3771,-1.626,3221.85,15.59,4.6225
2_6050_2160,MACAPÁ,2,300,237,195,-17.7215,143,117,74,75,8,4,7,3,65.8986,60.9375,-4.9611,983.31,1.6667,6.3333
2_6050_2178,MACAPÁ,2,412,332,267,-19.5783,197,166,111,94,6,2,13,7,63.961,63.8462,-0.1149,897.13,1.4563,6.7961
2_6050_2208,MACAPÁ,2,2041,1658,1473,-11.158,659,640,763,807,109,78,31,26,46.3432,44.2294,-2.1137,2276.07,9.2602,3.3807
2_6050_2216,MACAPÁ,2,1883,1510,1383,-8.4106,607,599,676,737,98,54,48,47,47.311,44.8353,-2.4757,2518.48,15.1354,2.3367
2_6050_2224,MACAPÁ,2,1292,1011,929,-8.1108,421,414,448,496,70,43,18,19,48.4465,45.4945,-2.952,2092.26,15.4025,2.1672
2_6050_2232,MACAPÁ,2,993,807,718,-11.0285,328,329,337,367,74,23,33,22,49.3233,47.2701,-2.0532,3045.05,12.1853,3.424
2_6050_2240,MACAPÁ,2,818,660,605,-8.3333,268,263,293,319,49,23,16,23,47.7718,45.189,-2.5828,3012.63,17.1149,2.2005
2_6050_2267,MACAPÁ,2,3146,2565,2296,-10.4873,1134,1044,1143,1202,136,72,54,50,49.8024,46.4826,-3.3197,3422.71,9.2181,4.5772
2_6050_2283,MACAPÁ,2,2050,1654,1582,-4.3531,591,667,794,861,131,88,31,54,42.6715,43.6518,0.9804,6201.5,51.4634,0.0976
2_6050_2291,MACAPÁ,2,177,153,129,-15.6863,122,106,17,22,3,1,4,1,87.7698,82.8125,-4.9573,782.35,0.565,5.6497
2_6050_2305,MACAPÁ,2,515,394,365,-7.3604,159,178,156,170,35,22,13,17,50.4762,51.1494,0.6732,5834.78,25.0485,1.3592
2_6050_2313,MACAPÁ,2,1155,976,927,-5.0205,381,395,450,507,83,29,20,25,45.8484,43.7916,-2.0568,2113.35,35.5844,1.3853
2_6050_2321,MACAPÁ,2,4146,3202,2750,-14.1162,1375,1237,1358,1450,203,135,86,63,50.311,46.0365,-4.2745,2527.4,8.273,2.0984
2_6050_2330,MACAPÁ,2,3066,2361,2118,-10.2922,1007,942,1000,1109,170,75,91,67,50.1744,45.9288,-4.2456,2564.49,9.7521,3.6856
2_6050_2348,MACAPÁ,2,2208,1635,1436,-12.1713,586,543,814,842,100,64,50,51,41.8571,39.2058,-2.6514,4422.64,17.5725,1.4493
2_6050_2356,MACAPÁ,2,3577,2853,2680,-6.0638,1071,1132,1329,1462,210,144,55,86,44.625,43.6392,-0.9858,3061.92,23.5393,1.0903
2_6050_2402,MACAPÁ,2,3498,833,706,-15.2461,409,357,364,339,26,19,10,10,52.9107,51.2931,-1.6176,5572.84,42.7387,0.4002
2_6050_2410,MACAPÁ,2,1528,1205,1097,-8.9627,489,495,522,572,103,43,31,30,48.368,46.3918,-1.9762,4379.02,17.3429,3.1414
2_6050_2429,MACAPÁ,2,1816,1454,1364,-6.1898,479,514,770,800,89,52,46,50,38.3507,39.1172,0.7665,3696.29,17.8414,2.9185
2_6050_2437,MACAPÁ,2,1520,1221,1115,-8.6814,460,457,581,629,82,48,39,29,44.1883,42.081,-2.1072,2298.39,18.8816,3.4868
2_6050_2453,MACAPÁ,2,2254,1826,1604,-12.1577,812,760,754,799,131,52,51,45,51.8519,48.7492,-3.1027,3020.05,10.1597,4.2591
2_6050_2496,MACAPÁ,2,227,195,177,-9.2308,79,70,94,104,8,7,4,3,45.6647,40.2299,-5.4349,7984.0,40.0881,0.8811
2_6050_2500,MACAPÁ,2,203,189,177,-6.3492,165,162,13,12,2,2,5,3,92.6966,93.1034,0.4068,1027.03,4.4335,3.4483
2_6050_2518,MACAPÁ,2,651,678,608,-10.3245,313,301,280,293,36,27,16,14,52.7825,50.6734,-2.1091,1729.54,7.6805,4.3011
4_6092_1015,OIAPOQUE,4,3242,2036,1811,-11.0511,1099,1020,720,753,47,58,91,38,60.4178,57.5296,-2.8882,2326.91,6.57,3.0537
4_6092_1023,OIAPOQUE,4,4805,3406,3094,-9.1603,1769,1692,1291,1334,114,87,112,68,57.8105,55.9154,-1.8951,2204.54,7.8668,2.0187
4_6092_1040,OIAPOQUE,4,891,771,718,-6.8742,699,671,39,36,9,4,15,11,94.7154,94.9081,0.1926,1435.73,4.826,4.0404
4_6092_1058,OIAPOQUE,4,217,178,132,-25.8427,96,75,60,57,9,3,6,0,61.5385,56.8182,-4.7203,1132.18,5.53,1.3825
4_6092_1074,OIAPOQUE,4,230,198,183,-7.5758,161,153,28,25,2,0,5,5,85.1852,85.9551,0.7699,1462.46,1.7391,9.1304
4_6092_1082,OIAPOQUE,4,896,720,673,-6.5278,686,650,15,13,6,0,13,10,97.8602,98.0392,0.179,1269.43,2.0089,10.0446
4_6092_1090,OIAPOQUE,4,1095,918,739,-19.4989,849,716,17,19,10,29,8,4,98.037,97.415,-0.622,1335.22,3.9269,7.4886
4_6092_1104,OIAPOQUE,4,430,375,356,-5.0667,359,346,3,7,4,2,7,3,99.1713,98.017,-1.1543,1168.3,3.4884,4.4186
4_6092_1112,OIAPOQUE,4,151,105,95,-9.5238,74,69,21,26,4,3,3,0,77.8947,72.6316,-5.2632,1100.83,2.649,3.9735
4_6092_1120,OIAPOQUE,4,2354,1476,1337,-9.4173,740,679,610,629,40,44,34,29,54.8148,51.9113,-2.9035,2179.5,9.9405,2.5489
4_6092_1139,OIAPOQUE,4,926,612,535,-12.5817,345,311,214,215,12,13,17,9,61.7174,59.1255,-2.5919,1944.83,6.9114,3.5637
4_6092_1147,OIAPOQUE,4,832,503,419,-16.6998,295,257,157,154,14,12,17,8,65.2655,62.5304,-2.7351,1651.08,5.649,4.3269
4_6092_1155,OIAPOQUE,4,207,128,112,-12.5,52,49,66,61,4,3,2,2,44.0678,44.5455,0.4777,2900.13,2.4155,3.3816
4_6092_1163,OIAPOQUE,4,374,339,323,-4.7198,323,309,10,11,0,3,2,3,96.997,96.5625,-0.4345,1389.85,2.139,5.8824
4_6092_1171,OIAPOQUE,4,1775,1188,1010,-14.9832,584,508,472,475,62,28,31,27,55.303,51.6785,-3.6245,2351.81,7.4366,2.2535
4_6092_1180,OIAPOQUE,4,1525,885,746,-15.7062,441,381,363,351,24,18,32,14,54.8507,52.0492,-2.8016,2270.6,8.1311,2.4262
4_6092_1201,OIAPOQUE,4,1257,654,554,-15.2905,313,264,267,278,24,25,21,12,53.9655,48.7085,-5.257,2211.35,10.1034,2.4662
5_6076_1015,MAZAGÃO,5,2037,1777,1543,-13.1683,965,872,603,644,118,52,30,27,61.5434,57.5198,-4.0236,2343.82,14.0893,5.7928
5_6076_1023,MAZAGÃO,5,1078,938,819,-12.6866,542,497,292,304,65,19,18,18,64.988,62.0474,-2.9406,1391.42,13.1725,4.6382
5_6076_1031,MAZAGÃO,5,102,82,67,-18.2927,76,57,4,6,0,0,2,4,95.0,90.4762,-4.5238,1051.32,2.9412,4.902
5_6076_1066,MAZAGÃO,5,426,341,270,-20.8211,168,144,123,119,16,14,13,7,57.732,54.7529,-2.9791,1376.67,1.6432,11.9718
5_6076_1074,MAZAGÃO,5,375,264,212,-19.697,151,122,75,82,13,6,15,8,66.8142,59.8039,-7.0102,1266.66,4.0,16.0
5_6076_1082,MAZAGÃO,5,178,143,103,-27.972,103,82,25,19,4,5,6,2,80.4688,81.1881,0.7194,1292.73,2.809,14.6067
5_6076_1090,MAZAGÃO,5,294,252,185,-26.5873,137,108,97,72,4,10,2,5,58.547,60.0,1.453,1029.63,2.381,15.3061
5_6076_1120,MAZAGÃO,5,615,551,439,-20.3267,473,386,65,52,5,2,6,1,87.9182,88.1279,0.2096,1066.8,0.813,17.8862
5_6076_1139,MAZAGÃO,5,518,466,361,-22.5322,210,160,220,197,19,8,1,4,48.8372,44.8179,-4.0193,1018.35,2.3166,10.4247
5_6076_1147,MAZAGÃO,5,63,52,38,-26.9231,35,34,9,4,0,6,1,0,79.5455,89.4737,9.9282,1217.5,1.5873,25.3968
5_6076_1155,MAZAGÃO,5,677,595,433,-27.2269,403,298,149,132,19,9,6,3,73.0072,69.3023,-3.7049,1062.54,2.3634,9.6012
5_6076_1198,MAZAGÃO,5,345,267,208,-22.0974,169,127,83,76,7,3,4,5,67.0635,62.5616,-4.5019,1348.2,4.6377,12.4638
5_6076_1201,MAZAGÃO,5,882,789,652,-17.3638,492,443,187,202,45,32,8,7,72.4595,68.6822,-3.7773,1350.29,8.1633,5.6689
5_6076_1210,MAZAGÃO,5,1110,868,712,-17.9724,649,552,158,151,29,7,16,9,80.4213,78.5206,-1.9007,1137.33,2.8829,12.1622
5_6076_1228,MAZAGÃO,5,3250,2790,2357,-15.5197,1421,1235,1040,1071,180,83,52,51,57.7408,53.5559,-4.1848,1993.74,15.4769,3.2308
5_6076_1236,MAZAGÃO,5,308,262,199,-24.0458,170,132,62,64,19,5,3,3,73.2759,67.3469,-5.9289,1340.02,1.2987,8.1169
5_6076_1244,MAZAGÃO,5,2447,2113,1790,-15.2863,1337,1150,589,609,93,38,36,31,69.4185,65.3781,-4.0404,2058.57,7.9689,6.4569
5_6076_1252,MAZAGÃO,5,1870,1585,1384,-12.6814,759,701,599,633,105,43,68,50,55.891,52.5487,-3.3423,2180.53,11.4973,5.5615
5_6076_1260,MAZAGÃO,5,273,244,191,-21.7213,182,154,41,37,15,4,0,0,81.6143,80.6283,-0.9861,1079.15,1.4652,16.8498
5_6076_1279,MAZAGÃO,5,677,595,510,-14.2857,395,358,140,144,34,10,9,8,73.8318,71.3147,-2.517,1381.12,4.7267,9.0103
5_6076_1287,MAZAGÃO,5,198,168,116,-30.9524,146,110,16,6,2,1,1,0,90.1235,94.8276,4.7041,1231.83,1.0101,10.6061
5_6076_1295,MAZAGÃO,5,184,157,137,-12.7389,110,108,35,29,8,1,2,0,75.8621,78.8321,2.97,930.18,2.1739,5.9783
5_6076_1309,MAZAGÃO,5,77,68,56,-17.6471,66,54,2,2,0,0,0,0,97.0588,96.4286,-0.6303,950.22,1.2987,12.987
5_6076_1317,MAZAGÃO,5,268,249,218,-12.4498,173,159,49,54,17,3,4,5,77.9279,74.6479,-3.28,1264.4,2.2388,7.8358
5_6076_1325,MAZAGÃO,5,103,91,76,-16.4835,80,70,6,5,3,1,0,1,93.0233,93.3333,0.3101,1115.17,4.8544,8.7379
5_6076_1333,MAZAGÃO,5,141,118,98,-16.9492,51,41,61,56,2,0,3,1,45.5357,42.268,-3.2677,1074.54,0.7092,12.766
5_6076_1384,MAZAGÃO,5,529,461,409,-11.2798,250,235,158,168,31,7,10,6,61.2745,58.3127,-2.9619,2025.43,13.4216,4.5369
5_6076_1392,MAZAGÃO,5,166,143,107,-25.1748,95,77,36,29,9,1,0,1,72.5191,72.6415,0.1224,1393.41,3.012,10.241
6_6157_1015,SANTANA,6,4692,4009,3769,-5.9865,1617,1585,1936,2105,225,127,67,79,45.5108,42.9539,-2.5569,2318.82,16.4962,3.7084
6_6157_1023,SANTANA,6,2522,2117,1904,-10.0614,1229,1115,711,767,87,45,34,22,63.3505,59.2455,-4.105,1338.82,5.9873,7.1768
6_6157_1031,SANTANA,6,1171,987,905,-8.308,498,452,405,435,37,13,23,18,55.1495,50.9583,-4.1912,1694.26,3.2451,7.8565
6_6157_1040,SANTANA,6,354,253,166,-34.3874,166,113,69,51,9,3,4,2,70.6383,68.9024,-1.7359,1255.28,3.9548,14.4068
6_6157_1058,SANTANA,6,3144,2602,2478,-4.7656,1044,1065,1244,1361,135,103,46,52,45.6294,43.8994,-1.7299,2788.06,20.229,2.6718
6_6157_1066,SANTANA,6,3398,2800,2674,-4.5,1073,1098,1384,1518,159,93,60,58,43.6711,41.9725,-1.6987,2785.28,21.0418,3.3255
6_6157_1074,SANTANA,6,5556,4622,4344,-6.0147,1723,1714,2283,2516,307,177,96,114,43.0105,40.5201,-2.4904,2316.95,21.9582,2.0338
6_6157_1082,SANTANA,6,2912,2548,2423,-4.9058,945,953,1276,1394,184,77,55,76,42.5484,40.605,-1.9434,2647.92,22.6992,2.7129
6_6157_1090,SANTANA,6,532,446,296,-33.6323,242,179,124,114,53,12,12,3,66.1202,61.0922,-5.0281,1339.12,7.8947,4.6992
6_6157_1112,SANTANA,6,3416,2901,2723,-6.1358,1139,1110,1431,1544,152,99,64,69,44.3191,41.8237,-2.4954,2180.25,18.3255,4.0691
6_6157_1120,SANTANA,6,2817,2355,2235,-5.0955,988,981,1116,1197,115,64,46,57,46.9582,45.0413,-1.9169,2427.91,16.4359,3.9049
6_6157_1139,SANTANA,6,2499,2120,1899,-10.4245,931,800,1025,1075,81,43,31,24,47.5971,42.6667,-4.9305,2002.8,4.5218,8.8035
6_6157_1147,SANTANA,6,4448,3628,3392,-6.505,1501,1462,1680,1840,198,117,99,90,47.1864,44.2762,-2.9102,1976.84,10.9712,5.5531
6_6157_1155,SANTANA,6,3356,2909,2747,-5.5689,1179,1193,1383,1498,157,105,56,56,46.0187,44.333,-1.6858,2195.23,18.9213,2.9499
6_6157_1163,SANTANA,6,3959,3192,2868,-10.1504,1591,1417,1294,1397,116,85,82,54,55.1473,50.3554,-4.7919,1766.65,6.4158,8.6638
6_6157_1180,SANTANA,6,3235,2760,2594,-6.0145,1167,1172,1224,1349,178,96,62,73,48.808,46.4895,-2.3185,1934.26,16.136,5.0077
6_6157_1201,SANTANA,6,3894,3218,3046,-5.3449,1250,1220,1611,1752,159,102,64,74,43.691,41.0498,-2.6412,2076.91,13.4566,2.8249
6_6157_1210,SANTANA,6,4766,4055,3682,-9.1985,1571,1464,2071,2155,202,118,69,63,43.1356,40.4532,-2.6825,1920.42,8.5606,6.987
6_6157_1228,SANTANA,6,313,232,181,-21.9828,103,73,111,105,9,3,3,3,48.1308,41.0112,-7.1196,1318.62,3.5144,7.3482
6_6157_1244,SANTANA,6,1743,1448,1335,-7.8039,564,542,713,758,81,52,27,35,44.166,41.6923,-2.4737,1913.1,13.1956,3.6718
6_6157_1252,SANTANA,6,1550,1334,1268,-4.9475,518,521,628,715,79,66,32,32,45.2007,42.1521,-3.0486,2747.25,16.9032,3.4194
6_6157_1260,SANTANA,6,2640,2261,2111,-6.6342,829,805,1147,1262,149,85,32,44,41.9534,38.9453,-3.0081,2221.35,24.5833,2.2348
6_6157_1279,SANTANA,6,2292,1868,1801,-3.5867,782,804,835,946,109,77,47,51,48.3612,45.9429,-2.4183,2680.47,26.4398,2.2688
6_6157_1287,SANTANA,6,4160,3398,3142,-7.5338,1251,1188,1746,1893,176,110,84,61,41.7417,38.5589,-3.1828,2069.63,11.3942,3.4135
6_6157_1295,SANTANA,6,449,380,313,-17.6316,265,232,71,80,19,6,13,1,78.869,74.359,-4.5101,1626.09,4.2316,10.245
6_6157_1325,SANTANA,6,2702,2203,2073,-5.901,864,862,1026,1140,129,95,63,71,45.7143,43.0569,-2.6573,2151.88,13.3605,4.034
6_6157_1333,SANTANA,6,854,679,610,-10.162,228,224,347,371,42,39,20,15,39.6522,37.6471,-2.0051,2276.04,12.9977,1.4052
6_6157_1341,SANTANA,6,1251,1031,916,-11.1542,424,382,477,507,52,48,23,27,47.0588,42.9696,-4.0892,2430.61,11.8305,1.1191
6_6157_1368,SANTANA,6,849,706,625,-11.4731,346,303,295,310,30,12,15,12,53.9782,49.429,-4.5491,1652.51,4.4759,4.1225
6_6157_1384,SANTANA,6,500,425,376,-11.5294,186,165,200,203,16,16,4,8,48.1865,44.837,-3.3496,1802.54,6.0,5.2
6_6157_1392,SANTANA,6,1949,1577,1411,-10.5263,775,700,629,672,69,56,31,39,55.1994,51.0204,-4.179,1817.49,7.3371,2.0523
6_6157_1414,SANTANA,6,753,603,563,-6.6335,238,228,276,316,38,29,13,19,46.3035,41.9118,-4.3917,2810.61,9.0305,1.0624
6_6157_1430,SANTANA,6,1181,931,843,-9.4522,438,391,379,435,55,37,16,17,53.6108,47.3366,-6.2742,2211.74,9.4835,2.7942
6_6157_1449,SANTANA,6,167,154,135,-12.3377,125,113,18,22,8,0,2,0,87.4126,83.7037,-3.7089,1299.75,2.994,3.5928
6_6157_1457,SANTANA,6,3387,2868,2728,-4.8815,1050,1067,1450,1594,187,89,64,67,42.0,40.0977,-1.9023,2633.64,18.9548,2.1553
7_6122_1015,VITÓRIA DO JARI,7,2607,1967,1725,-12.303,1211,1120,607,566,57,42,42,39,66.6117,66.4294,-0.1822,1656.19,7.8251,6.5593
7_6122_1023,VITÓRIA DO JARI,7,889,716,519,-27.514,472,368,181,143,23,16,23,8,72.2818,72.0157,-0.2661,1243.55,2.8121,13.7233
7_6122_1031,VITÓRIA DO JARI,7,346,286,200,-30.0699,218,151,47,47,5,8,5,2,82.2642,76.2626,-6.0015,1165.99,2.3121,13.0058
7_6122_1040,VITÓRIA DO JARI,7,311,258,222,-13.9535,190,167,57,53,5,2,3,2,76.9231,75.9091,-1.014,1243.06,1.2862,15.4341
7_6122_1058,VITÓRIA DO JARI,7,1250,980,880,-10.2041,666,611,250,251,13,19,23,18,72.7074,70.8817,-1.8258,1654.67,2.72,8.88
7_6122_1066,VITÓRIA DO JARI,7,1855,1416,1223,-13.6299,917,804,416,397,31,23,21,22,68.7922,66.9442,-1.848,1673.03,6.7925,6.5768
7_6122_1082,VITÓRIA DO JARI,7,1465,1024,894,-12.6953,651,586,298,285,20,18,32,23,68.5985,67.279,-1.3195,1610.81,4.3686,6.9625
7_6122_1090,VITÓRIA DO JARI,7,720,567,481,-15.1675,346,312,180,161,10,16,11,8,65.7795,65.9619,0.1825,1918.21,6.3889,3.3333
7_6122_1104,VITÓRIA DO JARI,7,747,571,480,-15.937,389,341,150,137,10,10,10,2,72.1707,71.3389,-0.8318,1538.89,3.2129,4.2838
7_6130_1023,LARANJAL DO JARI,7,792,625,521,-16.64,510,450,78,62,14,7,16,9,86.7347,87.8906,1.1559,1179.68,3.0303,9.9747
7_6130_1040,LARANJAL DO JARI,7,1997,1365,1236,-9.4505,837,799,413,408,26,26,52,29,66.96,66.1972,-0.7628,1041.51,2.654,6.6099
7_6130_1058,LARANJAL DO JARI,7,2637,2014,1797,-10.7746,982,924,827,827,84,62,48,46,54.2841,52.7698,-1.5143,2598.1,12.5521,2.6925
7_6130_1066,LARANJAL DO JARI,7,2414,1706,1538,-9.8476,809,771,704,723,74,60,54,44,53.4699,51.6064,-1.8635,2716.66,9.4035,2.7755
7_6130_1074,LARANJAL DO JARI,7,262,217,188,-13.3641,181,164,26,23,1,4,4,1,87.4396,87.7005,0.2609,1217.49,2.6718,14.1221
7_6130_1082,LARANJAL DO JARI,7,193,163,146,-10.4294,162,136,1,2,0,0,0,8,99.3865,98.5507,-0.8358,1280.19,6.2176,7.772
7_6130_1090,LARANJAL DO JARI,7,1664,1214,1109,-8.6491,577,550,499,531,57,48,29,28,53.6245,50.8788,-2.7457,2942.61,13.101,2.6442
7_6130_1104,LARANJAL DO JARI,7,1877,1428,1264,-11.4846,733,687,571,555,41,43,33,22,56.2117,55.314,-0.8976,2560.85,8.8972,2.9302
7_6130_1112,LARANJAL DO JARI,7,1238,961,853,-11.2383,616,552,284,286,21,12,20,15,68.4444,65.8711,-2.5733,1137.84,1.8578,7.7544
7_6130_1120,LARANJAL DO JARI,7,1429,972,862,-11.3169,598,533,298,311,24,27,22,18,66.7411,63.1517,-3.5894,1074.28,3.9888,3.8488
7_6130_1139,LARANJAL DO JARI,7,2797,2073,1833,-11.5774,1211,1080,697,709,48,51,56,44,63.4696,60.3689,-3.1007,1891.56,3.897,4.0758
7_6130_1147,LARANJAL DO JARI,7,877,605,522,-13.719,362,305,199,206,8,13,19,11,64.5276,59.6869,-4.8407,1466.9,2.9647,8.6659
7_6130_1155,LARANJAL DO JARI,7,1545,1116,1007,-9.767,527,504,466,479,53,29,33,24,53.0715,51.2716,-1.7999,2899.47,11.1974,3.2362
7_6130_1163,LARANJAL DO JARI,7,557,379,343,-9.4987,250,235,105,96,9,5,8,12,70.4225,70.997,0.5744,994.07,3.5907,5.0269
7_6130_1171,LARANJAL DO JARI,7,1051,722,634,-12.1884,369,339,275,274,28,34,13,21,57.2981,55.3018,-1.9963,3046.86,13.0352,1.7127
7_6130_1180,LARANJAL DO JARI,7,174,137,129,-5.8394,112,111,17,16,4,4,0,2,86.8217,87.4016,0.5799,806.23,4.023,8.6207
7_6130_1198,LARANJAL DO JARI,7,214,180,174,-3.3333,165,161,12,11,0,0,2,2,93.2203,93.6047,0.3843,1186.4,3.271,14.486
7_6130_1201,LARANJAL DO JARI,7,702,505,423,-16.2376,352,306,122,111,7,10,11,6,74.2616,73.3813,-0.8803,989.97,1.9943,4.416
7_6130_1210,LARANJAL DO JARI,7,1494,1056,948,-10.2273,691,612,298,313,17,30,19,23,69.8686,66.1622,-3.7064,1102.66,4.083,4.2838
7_6130_1228,LARANJAL DO JARI,7,1259,925,854,-7.6757,473,459,349,375,33,36,22,20,57.5426,55.036,-2.5066,2180.13,8.7371,3.0977
7_6130_1252,LARANJAL DO JARI,7,614,442,400,-9.5023,243,238,163,158,13,11,10,4,59.8522,60.101,0.2488,1334.22,4.3974,5.7003
7_6130_1260,LARANJAL DO JARI,7,863,640,567,-11.4062,382,362,189,196,15,26,21,9,66.9002,64.8746,-2.0256,1045.99,2.8969,5.3302
7_6130_1279,LARANJAL DO JARI,7,144,129,117,-9.3023,114,105,9,10,3,1,2,2,92.6829,91.3043,-1.3786,1105.19,2.7778,11.1111
7_6130_1287,LARANJAL DO JARI,7,1003,801,712,-11.1111,485,433,261,268,14,21,14,11,65.0134,61.7689,-3.2445,1564.44,4.0877,3.6889
7_6130_1295,LARANJAL DO JARI,7,387,274,240,-12.4088,160,142,96,93,3,8,6,5,62.5,60.4255,-2.0745,1198.02,3.876,6.2016
7_6130_1309,LARANJAL DO JARI,7,798,602,535,-11.1296,297,264,239,253,21,24,16,18,55.4104,51.0638,-4.3466,3121.72,12.0301,2.6316
8_6173_1015,TARTARUGALZINHO,8,105,90,80,-11.1111,55,53,22,26,10,1,1,1,71.4286,67.0886,-4.34,1445.04,4.7619,1.9048
8_6173_1023,TARTARUGALZINHO,8,393,353,281,-20.3966,320,254,20,22,7,1,2,5,94.1176,92.029,-2.0887,1195.51,2.5445,6.6158
8_6173_1031,TARTARUGALZINHO,8,2852,2158,1716,-20.4819,1111,900,885,785,73,40,42,31,55.6613,53.4125,-2.2489,1788.78,7.784,3.892
8_6173_1040,TARTARUGALZINHO,8,415,338,281,-16.8639,100,69,215,206,6,12,3,6,31.746,25.0909,-6.6551,1628.3,6.2651,6.506
8_6173_1058,TARTARUGALZINHO,8,275,224,184,-17.8571,145,115,69,64,5,1,2,5,67.757,64.2458,-3.5112,1045.27,4.3636,6.9091
8_6173_1066,TARTARUGALZINHO,8,46,38,35,-7.8947,10,8,23,26,2,1,2,1,30.303,23.5294,-6.7736,1418.54,8.6957,8.6957
8_6173_1074,TARTARUGALZINHO,8,170,142,110,-22.5352,56,45,70,63,9,2,4,2,44.4444,41.6667,-2.7778,1520.82,7.0588,5.2941
8_6173_1082,TARTARUGALZINHO,8,538,403,356,-11.6625,239,210,147,143,5,5,5,3,61.9171,59.4901,-2.427,1412.23,3.5316,7.0632
8_6173_1090,TARTARUGALZINHO,8,195,163,125,-23.3129,102,80,45,44,5,7,3,1,69.3878,64.5161,-4.8716,1387.13,6.6667,1.5385
8_6173_1104,TARTARUGALZINHO,8,540,431,340,-21.1137,222,191,172,143,19,5,9,6,56.3452,57.1856,0.8405,1128.29,3.5185,5.9259
8_6173_1112,TARTARUGALZINHO,8,356,280,247,-11.7857,129,122,123,121,17,6,4,4,51.1905,50.2058,-0.9847,1292.49,1.6854,5.0562
8_6173_1120,TARTARUGALZINHO,8,46,29,26,-10.3448,16,12,12,14,0,0,1,0,57.1429,46.1538,-10.989,1495.8,6.5217,2.1739
8_6173_1139,TARTARUGALZINHO,8,139,109,89,-18.3486,62,58,29,30,3,9,2,1,68.1319,65.9091,-2.2228,1101.77,2.1583,8.6331
8_6173_1147,TARTARUGALZINHO,8,281,204,170,-16.6667,119,110,59,58,11,12,2,2,66.8539,65.4762,-1.3777,1134.23,3.2028,7.8292
8_6173_1155,TARTARUGALZINHO,8,147,131,119,-9.1603,114,102,13,17,1,1,2,0,89.7638,85.7143,-4.0495,1568.65,8.1633,7.483
8_6173_1163,TARTARUGALZINHO,8,145,122,85,-30.3279,102,76,11,5,0,3,4,4,90.2655,93.8272,3.5617,1666.25,4.8276,7.5862
8_6173_1171,TARTARUGALZINHO,8,163,147,128,-12.9252,132,115,11,10,0,1,3,3,92.3077,92.0,-0.3077,1256.3,1.8405,17.7914
8_6173_1180,TARTARUGALZINHO,8,1536,1272,1095,-13.9151,686,626,464,457,47,28,37,12,59.6522,57.8024,-1.8498,2195.41,8.2682,5.599
8_6173_1236,TARTARUGALZINHO,8,81,71,49,-30.9859,55,43,11,6,1,2,1,0,83.3333,87.7551,4.4218,1606.55,3.7037,2.4691
8_6173_1244,TARTARUGALZINHO,8,1792,1351,1021,-24.4264,688,526,554,474,44,22,35,21,55.3945,52.6,-2.7945,2050.0,7.8683,3.5714
8_6173_1252,TARTARUGALZINHO,8,136,106,93,-12.2642,58,49,41,42,3,3,1,2,58.5859,53.8462,-4.7397,1158.24,6.6176,5.1471
