ano,uf,comp1,comp2,aptos,var_votantes_pct,var_comparecimento_pp,comparecimento_t1_pct,comparecimento_t2_pct,gov_foi_2turno,gov_lider_t1_pct,gov_lider_t1,gov_lider_t1_partido,gov_margem_2turno_pp,resid,var_votantes_pct_acervo_historico
2002,AC,290431,244236,,-15.9057,,,,False,63.58,JORGE VIANA,PT,,-4.6222,-15.6298
2002,AL,1261495,1161874,,-7.8971,,,,False,52.93,RONALDO LESSA,PSB,,-2.0416,-8.2067
2002,AM,1192308,1071184,,-10.1588,,,,False,52.37,EDUARDO BRAGA,PPS,,-2.8958,-10.1538
2002,AP,247842,237820,,-4.0437,,,,True,36.82,WALDEZ,PDT,9.1347,4.3557,-4.0162
2002,BA,6399829,6041856,,-5.5935,,,,False,53.69,PAULO SOUTO,PFL,,-1.5321,-5.5647
2002,CE,3860135,3699233,,-4.1683,,,,True,49.76,LÚCIO ALCÂNTARA,PSDB,0.0864,-0.0944,-4.8405
2002,DF,1284103,1310715,,2.0724,,,,True,42.92,RORIZ,PMDB,1.2436,4.5342,2.0654
2002,ES,1768049,1671089,,-5.484,,,,False,53.97,PAULO HARTUNG,PSB,,-0.8395,-5.4618
2002,GO,2792801,2619102,,-6.2195,,,,False,51.2,MARCONI PERILLO,PSDB,,-1.3763,-6.2419
2002,MA,2579150,2229107,,-13.572,,,,True,47.51,ZE REINALDO,PFL,,-6.0601,-13.4108
2002,MG,10514082,10205689,,-2.9331,,,,False,57.58,AÉCIO NEVES,PSDB,,0.2327,-2.9761
2002,MS,1157516,1119145,,-3.3149,,,,True,48.33,ZECA DO PT,PT,7.4858,1.8569,-3.5231
2002,MT,1346646,1237037,,-8.1394,,,,False,50.69,BLAIRO MAGGI,PPS,,-2.4994,-8.1709
2002,PA,2776995,2588852,,-6.7751,,,,True,34.42,JATENE,PSDB,3.4392,-0.0458,-7.1979
2002,PB,1905508,1894314,,-0.5875,,,,True,46.76,CASSIO CUNHA LIMA,PSDB,2.7002,1.5991,-0.5813
2002,PE,4246228,4095848,,-3.5415,,,,False,60.42,JARBAS VASCONCELOS,PMDB,,-0.3176,-3.7689
2002,PI,1556642,1441895,,-7.3714,,,,False,50.96,WELLINGTON DIAS,PT,,-1.8893,-7.3117
2002,PR,5585348,5428354,,-2.8108,,,,True,31.4,ALVARO DIAS,PDT,10.3006,0.4081,-2.8165
2002,RJ,8713783,8482533,,-2.6538,,,,False,51.3,ROSINHA GAROTINHO,PSB,,1.0921,-2.6245
2002,RN,1579867,1520599,,-3.7515,,,,True,37.26,VILMA,PSB,22.0902,0.1565,-4.0117
2002,RO,693456,641443,,-7.5005,,,,True,29.62,IVO CASSOL,PSDB,18.1363,-1.4958,-7.3404
2002,RR,175211,170766,,-2.5369,,,,True,49.25,OTTOMAR PINTO,PTB,6.9823,4.8596,-3.6766
2002,RS,6396989,6278208,,-1.8568,,,,True,41.17,RIGOTTO,PMDB,5.3403,1.2926,-1.8537
2002,SC,3301569,3238941,,-1.8969,,,,True,39.86,ESPERIDIÃO AMIN,PPB,0.6898,1.0679,-1.9021
2002,SE,949189,945260,,-0.4139,,,,True,43.63,JOÃO ALVES,PFL,9.9945,3.3304,-0.5075
2002,SP,21568214,21493289,,-0.3474,,,,True,38.28,GERALDO ALCKMIN,PSDB,17.2754,2.2577,-0.3428
2002,TO,623579,559827,,-10.2236,,,,False,60.6,MARCELO MIRANDA,PFL,,-1.3335,-10.2103
2006,AC,334418,298663,,-10.6917,,,,False,53.05,BINHO MARQUES,PT,,-0.0558,-10.6067
2006,AL,1513750,1404043,,-7.2474,,,,False,55.85,TEOTONIO VILELA FILHO,PSDB,,-2.0395,-7.2413
2006,AM,1464976,1369895,,-6.4903,,,,False,50.63,EDUARDO BRAGA,PMDB,,0.1251,-6.4617
2006,AP,309127,279594,,-9.5537,,,,False,53.69,WALDEZ,PDT,,-1.8019,-9.5113
2006,BA,7225104,6987561,,-3.2877,,,,False,52.77,JAQUES WAGNER,PT,,0.126,-3.285
2006,CE,4429568,4285077,,-3.262,,,,False,62.38,CID GOMES,PSB,,0.1643,-3.2559
2006,DF,1425300,1395766,,-2.0721,,,,False,50.38,ARRUDA,PFL,,-0.2579,-2.0721
2006,ES,1942849,1884434,,-3.0067,,,,False,77.27,PAULO HARTUNG,PMDB,,0.9902,-3.0039
2006,GO,3094151,2971410,,-3.9669,,,,True,48.22,ALCIDES RODRIGUES,PP,14.2819,0.2287,-3.9669
2006,MA,3103527,2973091,,-4.2028,,,,True,46.93,ROSEANA SARNEY,PFL,3.6389,2.6615,-4.2007
2006,MG,11232597,10996098,,-2.1055,,,,False,77.03,AÉCIO NEVES,PSDB,,0.4128,-2.1104
2006,MS,1288948,1225390,,-4.931,,,,False,61.19,ANDRÉ PUCCINELLI,PMDB,,-0.4067,-4.9327
2006,MT,1549616,1471964,,-5.011,,,,False,65.39,BLAIRO MAGGI,PPS,,-0.0187,-5.002
2006,PA,3333677,3154056,,-5.3881,,,,True,43.83,ALMIR GABRIEL,PSDB,9.8511,0.6936,-5.3716
2006,PB,2154153,2132596,,-1.0007,,,,True,49.58,CÁSSIO,PSDB,2.7047,0.5382,-0.9975
2006,PE,4769970,4671124,,-2.0723,,,,True,39.25,MENDONÇA,PFL,30.7214,0.504,-2.0698
2006,PI,1738648,1649387,,-5.1339,,,,False,61.68,WELLINGTON DIAS,PT,,-0.2993,-5.127
2006,PR,5967396,5870596,,-1.6221,,,,True,42.81,ROBERTO REQUIÃO,PMDB,0.1967,0.9492,-1.6232
2006,RJ,9255690,9001916,,-2.7418,,,,True,41.42,SERGIO CABRAL,PMDB,36.0024,0.3565,-2.738
2006,RN,1789912,1749638,,-2.2501,,,,True,49.55,VILMA,PSB,4.7626,1.0103,-2.2505
2006,RO,785916,737440,,-6.1681,,,,False,54.14,IVO CASSOL,PPS,,-0.811,-6.1681
2006,RR,199239,178754,,-10.2816,,,,False,62.4,OTTOMAR,PSDB,,-3.5327,-10.2816
2006,RS,6676828,6553582,,-1.8459,,,,True,32.9,YEDA CRUSIUS,PSDB,7.8869,0.656,-1.8433
2006,SC,3588173,3533276,,-1.5299,,,,True,48.9,LUIZ HENRIQUE DA SILVEIRA,PMDB,5.4195,0.7873,-1.5328
2006,SE,1111558,1063988,,-4.2796,,,,False,52.22,DÉDA,PT,,-1.1828,-4.282
2006,SP,23771898,23458590,,-1.318,,,,False,57.8,SERRA,PSDB,,0.6395,-1.3178
2006,TO,722082,659409,,-8.6795,,,,False,51.49,MARCELO MIRANDA,PMDB,,-0.4371,-8.6634
2010,AC,363570,335883,460357.0,-7.6153,-6.0142,78.9757,72.9614,False,50.51,TIÃO VIANA,PT,,3.6458,-7.6365
2010,AL,1583844,1496646,2027658.0,-5.5055,-4.3004,78.112,73.8116,True,39.58,TEOTONIO VILELA,PSDB,5.4772,0.3277,-5.5098
2010,AM,1621948,1484513,2021151.0,-8.4735,-6.7998,80.2487,73.4489,False,63.87,OMAR AZIZ,PMN,,-1.2328,-8.4734
2010,AP,357792,338553,425822.0,-5.3771,-4.5181,84.0238,79.5058,True,28.93,LUCAS,PTB,7.5456,2.9999,-5.3724
2010,BA,7486735,7175205,9557716.0,-4.1611,-3.2595,78.3318,75.0724,False,63.77,WAGNER,PT,,-0.1221,-4.1641
2010,CE,4699435,4519588,5909930.0,-3.827,-3.0431,79.5176,76.4745,False,61.23,CID GOMES,PSB,,0.2245,-3.8242
2010,DF,1550765,1479989,1661788.0,-4.5639,-4.259,93.3191,89.06,True,48.29,AGNELO,PT,32.1956,-2.1245,-4.5637
2010,ES,2083045,1994327,2525917.0,-4.2591,-3.5123,82.4669,78.9546,False,82.3,RENATO CASAGRANDE,PSB,,0.3631,-4.2629
2010,GO,3329636,3158104,4037627.0,-5.1517,-4.2483,82.4652,78.2168,True,46.33,MARCONI PERILLO,PSDB,5.9763,-0.3308,-5.1525
2010,MA,3285100,3045073,4304792.0,-7.3065,-5.5758,76.3126,70.7368,False,50.08,ROSEANA,PMDB,,0.1831,-7.3132
2010,MG,11838442,11469141,14613998.0,-3.1195,-2.527,81.0076,78.4805,False,62.72,ANTONIO ANASTASIA,PSDB,,0.024,-3.1231
2010,MS,1392464,1290433,1708489.0,-7.3274,-5.972,81.5027,75.5307,False,56.0,ANDRE PUCCINELLI,PMDB,,-2.1779,-7.32
2010,MT,1655212,1548459,2111168.0,-6.4495,-5.0566,78.4027,73.3461,False,51.21,SILVAL BARBOSA,PMDB,,-0.8319,-6.4458
2010,PA,3754672,3487580,4759877.0,-7.1136,-5.6113,78.8817,73.2704,True,48.92,SIMAO JATENE,PSDB,11.4782,-0.4067,-7.1136
2010,PB,2232261,2217140,2733283.0,-0.6774,-0.5532,81.6696,81.1164,True,49.74,RICARDO COUTINHO,PSB,7.4065,1.4868,-0.6769
2010,PE,5041936,4882441,6290937.0,-3.1634,-2.5353,80.146,77.6107,False,82.79,EDUARDO CAMPOS,PSB,,0.0382,-3.1634
2010,PI,1813324,1744686,2260150.0,-3.7852,-3.0369,80.2303,77.1934,True,46.33,WILSON MARTINS,PSB,17.8543,1.6746,-3.7858
2010,PR,6347623,6106683,7667188.0,-3.7958,-3.1425,82.7895,79.647,False,52.44,BETO RICHA,PSDB,,-0.5992,-3.7981
2010,RJ,9572486,9148177,11542266.0,-4.4326,-3.6761,82.9342,79.2581,False,66.08,SERGIO CABRAL,PMDB,,-0.7091,-4.4306
2010,RN,1877681,1761265,2248279.0,-6.2,-5.178,83.5164,78.3384,False,52.18,ROSALBA CIARLINI,DEM,,-2.3144,-6.1962
2010,RO,846351,801952,1097905.0,-5.2459,-4.044,77.0878,73.0438,True,37.03,CONFUCIO MOURA,PMDB,17.3565,0.7364,-5.2453
2010,RR,233616,221679,273087.0,-5.1097,-4.3711,85.5464,81.1752,True,47.62,NEUDO CAMPOS,PP,0.8252,2.2645,-5.1097
2010,RS,6902902,6671600,8132148.0,-3.3508,-2.8443,84.8841,82.0398,False,54.35,TARSO GENRO,PT,,-0.2237,-3.3525
2010,SC,3900064,3770583,4565809.0,-3.32,-2.8359,85.4189,82.583,False,51.88,RAIMUNDO COLOMBO,DEM,,-0.3775,-3.323
2010,SE,1184869,1130391,1431273.0,-4.5978,-3.8063,82.7843,78.978,False,52.08,DEDA,PT,,-0.8758,-4.6217
2010,SP,25310267,24488829,30181716.0,-3.2455,-2.7216,83.8596,81.138,False,50.4,GERALDO ALCKMIN,PSDB,,-0.6628,-3.2456
2010,TO,772644,696563,958783.0,-9.8468,-7.9352,80.5859,72.6507,False,50.52,SIQUEIRA CAMPOS,PSDB,,-0.9792,-9.8482
2014,AC,419018,394373,511736.0,-5.8816,-4.816,81.8817,77.0657,True,49.73,TIÃO VIANA,PT,2.5709,3.1366,-5.8575
2014,AL,1613089,1604072,2007786.0,-0.559,-0.4491,80.3417,79.8926,False,52.16,RENAN FILHO,PMDB,,3.0313,-0.5589
2014,AM,1793093,1723417,2291820.0,-3.8858,-3.0402,78.2388,75.1986,True,43.16,EDUARDO BRAGA,PMDB,11.0777,1.1119,-3.8978
2014,AP,408117,389305,455566.0,-4.6095,-4.1294,89.5846,85.4552,True,42.18,WALDEZ,PDT,21.1639,1.5247,-4.6012
2014,BA,7820921,7656063,10270418.0,-2.1079,-1.6052,76.15,74.5448,False,54.53,RUI COSTA,PT,,-0.3118,-2.1074
2014,CE,5009561,4907255,6319672.0,-2.0422,-1.6188,79.2693,77.6505,True,47.81,CAMILO,PT,6.7024,-0.2336,-2.0386
2014,DF,1679730,1661130,1922613.0,-1.1073,-0.9674,87.367,86.3996,True,45.16,ROLLEMBERG,PSB,11.1143,-0.9107,-1.1087
2014,ES,2152378,2077712,2678096.0,-3.469,-2.788,80.3697,77.5817,False,53.44,PAULO HARTUNG,PMDB,,-1.0897,-3.4661
2014,GO,3516060,3398899,4362714.0,-3.3322,-2.6855,80.5934,77.9079,True,45.86,MARCONI PERILLO,PSDB,14.8721,-0.7542,-3.3272
2014,MA,3434308,3265844,4498212.0,-4.9053,-3.7451,76.3483,72.6032,False,63.52,FLAVIO DINO,PC do B,,0.3414,-4.9021
2014,MG,12192320,12017541,15424355.0,-1.4335,-1.1331,79.0459,77.9128,False,52.98,FERNANDO PIMENTEL,PT,,-0.5329,-1.4299
2014,MS,1445135,1397883,1833198.0,-3.2697,-2.5776,78.8314,76.2538,True,42.92,DELCÍDIO,PT,10.6759,-0.3631,-3.2695
2014,MT,1687726,1632636,2205939.0,-3.2642,-2.4973,76.5083,74.0109,False,57.19,PEDRO TAQUES,PDT,,0.1106,-3.2637
2014,PA,4092972,3878932,5220455.0,-5.2295,-4.1,78.4026,74.3026,True,49.01,HELDER BARBALHO,PMDB,3.8373,-0.7654,-5.2227
2014,PB,2335534,2325562,2873654.0,-0.427,-0.347,81.274,80.927,True,47.44,CASSIO CUNHA LIMA,PSDB,5.2124,-0.5057,-0.4242
2014,PE,5306324,5226999,6432807.0,-1.4949,-1.2331,82.4885,81.2553,False,68.08,PAULO CÂMARA,PSB,,-0.5363,-1.4931
2014,PI,1901917,1846686,2367678.0,-2.904,-2.3327,80.3284,77.9957,False,63.08,WELLINGTON DIAS,PT,,0.313,-2.9032
2014,PR,6541878,6417632,7914196.0,-1.8992,-1.5699,82.66,81.0901,False,55.67,BETO RICHA,PSDB,,-0.9456,-1.8914
2014,RJ,9700381,9427045,12214705.0,-2.8178,-2.2378,79.4156,77.1778,True,40.57,LUIZ FERNANDO PEZÃO,PMDB,11.5667,-1.3371,-2.8165
2014,RN,1935965,1916413,2352877.0,-1.0099,-0.831,82.2808,81.4498,True,47.34,HENRIQUE ALVES,PMDB,8.8375,0.6328,-0.998
2014,RO,886486,852738,1214981.0,-3.8069,-2.7777,72.963,70.1853,True,35.86,CONFUCIO MOURA,PMDB,6.8519,-0.0674,-3.7996
2014,RR,262624,250613,306468.0,-4.5735,-3.9192,85.6938,81.7746,True,41.48,SUELY CAMPOS,PP,9.7081,0.5578,-4.5638
2014,RS,6981308,6864329,8423909.0,-1.6756,-1.3887,82.8749,81.4863,True,40.4,JOSÉ IVO SARTORI,PMDB,22.4248,-0.7914,-1.6752
2014,SC,4063339,3992948,4871735.0,-1.7323,-1.4449,83.4064,81.9615,False,51.36,RAIMUNDO COLOMBO,PSD,,-1.0327,-1.7263
2014,SE,1240644,1223076,1458833.0,-1.416,-1.2043,85.0436,83.8393,False,53.52,JACKSON BARRETO,PMDB,,0.0631,-1.4217
2014,SP,25758945,25442448,32227081.0,-1.2287,-0.9821,79.9295,78.9474,False,57.31,GERALDO ALCKMIN,PSDB,,-0.8889,-1.2228
2014,TO,801609,750455,1014902.0,-6.3814,-5.0403,78.9839,73.9436,False,51.3,MARCELO MIRANDA,PMDB,,0.2434,-6.3483
2018,AC,443634,399129,544712.0,-10.0319,-8.1704,81.4438,73.2734,False,53.71,GLADSON CAMELI,PP,,-1.371,-10.0384
2018,AL,1693503,1644459,2187802.0,-2.896,-2.2417,77.4066,75.1649,False,77.15,RENAN FILHO,MDB,,0.3369,-2.8931
2018,AM,1958878,1909279,2427109.0,-2.532,-2.0435,80.7083,78.6647,True,33.73,WILSON LIMA,PSC,17.0049,2.1084,-2.532
2018,AP,426620,394939,522940.0,-7.426,-6.0582,81.5811,75.5228,True,33.55,WALDEZ,PDT,4.6961,-1.6493,-7.426
2018,BA,8236847,8200327,10370058.0,-0.4434,-0.3522,79.4291,79.077,False,75.49,RUI COSTA,PT,,0.9954,-0.4429
2018,CE,5244712,5158343,6340005.0,-1.6468,-1.3623,82.7241,81.3618,False,79.95,CAMILO,PT,,-0.1955,-1.6484
2018,DF,1695724,1691396,2098982.0,-0.2552,-0.2062,80.7879,80.5817,True,41.95,IBANEIS,MDB,39.5772,-0.416,-0.2552
2018,ES,2224259,2178495,2794799.0,-2.0575,-1.6375,79.5857,77.9482,False,55.49,RENATO CASAGRANDE,PSB,,-0.0356,-2.0466
2018,GO,3554934,3491824,4463570.0,-1.7753,-1.4139,79.6433,78.2294,False,59.73,RONALDO CAIADO,DEM,,0.4453,-1.7753
2018,MA,3605316,3477517,4524889.0,-3.5447,-2.8244,79.6774,76.8531,False,59.28,FLÁVIO DINO,PC do B,,1.3446,-3.5456
2018,MG,12214681,12067502,15682993.0,-1.2049,-0.9385,77.8849,76.9464,True,42.71,ROMEU ZEMA,NOVO,43.6094,-0.6617,-1.2063
2018,MS,1479308,1449977,1882960.0,-1.9828,-1.5577,78.5629,77.0052,True,44.61,REINALDO AZAMBUJA,PSDB,4.7064,0.5665,-1.9828
2018,MT,1757938,1718877,2329966.0,-2.222,-1.6765,75.4491,73.7726,False,58.69,MAURO MENDES,DEM,,0.7954,-2.2222
2018,PA,4401798,4218043,5489588.0,-4.1745,-3.3473,80.1845,76.8372,True,47.69,HELDER,MDB,10.8613,-0.0679,-4.1644
2018,PB,2436874,2407269,2883210.0,-1.2149,-1.0268,84.5195,83.4927,False,58.18,JOÃO,PSB,,-1.6509,-1.2193
2018,PE,5393186,5377444,6630696.0,-0.2919,-0.2374,81.3367,81.0992,False,50.67,PAULO CÂMARA,PSB,,0.3094,-0.2934
2018,PI,1997932,1946971,2394327.0,-2.5507,-2.1284,83.4444,81.316,False,55.65,WELLINGTON DIAS,PT,,0.3089,-2.5535
2018,PR,6620465,6595854,8015175.0,-0.3717,-0.3071,82.5991,82.2921,False,56.33,RATINHO JUNIOR,PSD,,0.2245,-0.3717
2018,RJ,9479580,9421512,12372142.0,-0.6126,-0.4693,76.6204,76.151,True,40.82,WILSON WITZEL,PSC,19.7312,0.5107,-0.6126
2018,RN,1967735,1943331,2372879.0,-1.2402,-1.0285,82.9261,81.8976,True,46.17,FATIMA BEZERRA,PT,15.1961,0.0451,-1.2442
2018,RO,913340,882221,1185003.0,-3.4072,-2.6261,77.0749,74.4488,True,30.11,EXPEDITO JUNIOR,PSDB,32.6764,-0.0251,-3.4072
2018,RR,287150,270651,335041.0,-5.7458,-4.9245,85.7059,80.7815,True,42.27,ANTONIO DENARIUM,PSL,6.686,-0.9719,-5.7458
2018,RS,6838548,6777418,8382945.0,-0.8939,-0.7292,81.5769,80.8477,True,35.9,EDUARDO LEITE,PSDB,7.2458,-0.3671,-0.8941
2018,SC,4246278,4217534,5129809.0,-0.6769,-0.5603,82.7765,82.2162,True,31.12,GELSON MERÍSIO,PSD,42.1823,-0.3347,-0.6749
2018,SE,1280300,1264754,1571341.0,-1.2142,-0.9893,81.4782,80.4888,True,40.84,BELIVALDO,PSD,29.4402,-0.0925,-1.2226
2018,SP,25930749,25846143,33430819.0,-0.3263,-0.2531,77.5654,77.3123,True,31.26,JOÃO DORIA,PSDB,3.4917,-0.3438,-0.3263
2018,TO,831599,781076,1043040.0,-6.0754,-4.8438,79.7284,74.8846,False,57.39,MAURO CARLESSE,PHS,,0.192,-6.071
2022,AC,455903,420760,588433.0,-7.7084,-5.9723,77.4775,71.5052,False,56.75,GLADSON CAMELI,PP,,-0.7334,-7.7084
2022,AL,1805971,1784988,2333457.0,-1.1619,-0.8992,77.3947,76.4954,True,46.64,PAULO DANTAS,MDB,4.6601,0.3852,-1.1619
2022,AM,2113771,2067875,2656913.0,-2.1713,-1.7274,79.5574,77.83,True,42.82,WILSON LIMA,UNIÃO,13.3073,0.7833,-2.1713
2022,AP,442842,400683,554653.0,-9.5201,-7.601,79.8413,72.2403,False,53.69,CLÉCIO,SOLIDARIEDADE,,-5.4291,-9.5201
2022,BA,8874841,8971728,11312115.0,1.0917,0.8565,78.4543,79.3108,True,49.45,JERÔNIMO,PT,5.5781,0.8446,1.0917
2022,CE,5628610,5649398,6846421.0,0.3693,0.3036,82.2124,82.5161,False,54.02,ELMANO DE FREITAS,PT,,0.1348,0.3693
2022,DF,1819900,1838492,2229165.0,1.0216,0.834,81.6404,82.4745,False,50.3,IBANEIS ROCHA,MDB,,-0.825,1.0216
2022,ES,2315889,2322269,2962077.0,0.2755,0.2154,78.1846,78.4,True,46.94,RENATO CASAGRANDE,PSB,7.5904,0.6115,0.2755
2022,GO,3812597,3860351,4874205.0,1.2525,0.9797,78.2199,79.1996,False,51.81,RONALDO CAIADO,UNIÃO,,1.7873,1.2525
2022,MA,3920435,3854804,5069103.0,-1.6741,-1.2947,77.3398,76.0451,False,51.29,CARLOS BRANDÃO,PSB,,1.5295,-1.6741
2022,MG,12655228,12866284,16321403.0,1.6677,1.2931,77.5376,78.8307,False,56.18,ZEMA,NOVO,,0.5251,1.6677
2022,MS,1555149,1549873,2000789.0,-0.3393,-0.2637,77.7268,77.4631,True,26.71,CAPITÃO CONTAR,PRTB,13.8065,0.5242,-0.3393
2022,MT,1892180,1913231,2469414.0,1.1125,0.8525,76.6247,77.4771,False,68.45,MAURO MENDES,UNIÃO,,2.4441,1.1125
2022,PA,4789311,4701740,6092670.0,-1.8285,-1.4373,78.6078,77.1704,False,70.41,HELDER,MDB,,0.5923,-1.8285
2022,PB,2557479,2574215,3106108.0,0.6544,0.5388,82.3371,82.8759,True,39.65,JOÃO,PSB,5.0257,-1.4675,0.6544
2022,PE,5738371,5800735,7081358.0,1.0868,0.8807,81.0349,81.9156,True,23.97,MARÍLIA ARRAES,SOLIDARIEDADE,17.4059,0.0022,1.0874
2022,PI,2115645,2088530,2585956.0,-1.2816,-1.0485,81.8129,80.7643,False,56.72,RAFAEL FONTELES,PT,,-0.1079,-1.2816
2022,PR,6828543,6900420,8501286.0,1.0526,0.8455,80.3236,81.1691,False,69.64,CARLOS MASSA RATINHO JUNIOR,PSD,,-0.037,1.0526
2022,RJ,9909463,9973822,12827296.0,0.6495,0.5017,77.2529,77.7547,False,58.64,CLÁUDIO CASTRO,PL,,0.0869,0.6495
2022,RN,2090604,2108799,2554727.0,0.8703,0.7122,81.8328,82.545,False,58.31,FATIMA BEZERRA,PT,,0.4698,0.8703
2022,RO,926827,926517,1236847.0,-0.0334,-0.0251,74.9347,74.9096,True,38.88,CORONEL MARCOS ROCHA,UNIÃO,4.9324,1.6628,-0.0334
2022,RR,305404,286269,369304.0,-6.2655,-5.1814,82.6972,77.5158,False,56.47,ANTONIO DENARIUM,PP,,-3.1774,-6.2655
2022,RS,6890016,6930852,8653972.0,0.5927,0.4719,79.6168,80.0887,True,37.5,ONYX LORENZONI,PL,14.2425,-0.5663,0.5927
2022,SC,4487474,4542817,5591388.0,1.2333,0.9898,80.2569,81.2467,True,38.61,JORGINHO MELLO,PL,41.3871,-0.1103,1.2333
2022,SE,1364724,1355467,1686790.0,-0.6783,-0.5488,80.9066,80.3578,True,37.66,VALMIR DE FRANCISQUINHO,PL,3.3901,-1.2424,-0.6783
2022,SP,27189714,27380491,34937555.0,0.7017,0.5461,77.8237,78.3698,True,42.32,TARCÍSIO,REPUBLICANOS,10.5423,-1.0017,0.7017
2022,TO,891449,871238,1094003.0,-2.2672,-1.8474,81.4851,79.6376,False,58.14,WANDERLEI BARBOSA,REPUBLICANOS,,2.3144,-2.2672
