Ano,UF,Cidade,CD_TSE,CD_IBGE,Parent_TSE,Parent_Nome,Zona,Local,Nome_Local,Censo_Fonte,Revisar
1998,AL,JEQUIA DA PRAIA,27065,2703759,27111,BARRA DE SAO MIGUEL,18,1023,GRUPO ESCOLAR JOSE CALAZANS DE MEDEIROS,2006,
1998,AL,JEQUIA DA PRAIA,27065,2703759,27111,BARRA DE SAO MIGUEL,18,1031,GRUPO ESCOLAR MARIA LOPES BERTOLDO,2006,
1998,BA,BARROCAS,30775,2903276,33715,BIRITINGA,150,1031,ESCOLA MUNICIPAL DE 1º GRAU ROQUE AVELINO DE QUEIROZ FILHO,2006,SIM
1998,BA,BARROCAS,30775,2903276,33715,BIRITINGA,150,1058,ESCOLA MUNICIPAL DE 1º. GRAU ANTONIO CANDIDO PEREIRA,2006,SIM
1998,BA,BARROCAS,30775,2903276,33715,BIRITINGA,150,1074,ESCOLA MUNICIPAL DE 1ª GRAU ROQUE AVELINO DE QUEIROZ,2006,SIM
1998,BA,BARROCAS,30775,2903276,33715,BIRITINGA,150,1082,ESCOLA MUNICIPAL JOSE ALVES QUEIROZ,2006,SIM
1998,BA,BARROCAS,30775,2903276,33715,BIRITINGA,150,1104,ESCOLA MUNICIPAL MARIA QUITERIA,2006,SIM
1998,BA,BARROCAS,30775,2903276,33715,BIRITINGA,150,1139,ESCOLA MUNICIPAL JOSE QUINTINO ROCHA,2006,SIM
1998,BA,BARROCAS,30775,2903276,39098,SERRINHA,150,1015,ESCOLA MUNICIPAL FEBRONIO TELES DE OLIVEIRA,2006,SIM
1998,BA,BARROCAS,30775,2903276,39098,SERRINHA,150,1090,ESCOLA MUNICIPAL DE SANTA ROSA,2006,SIM
1998,BA,BARROCAS,30775,2903276,39098,SERRINHA,150,1147,ESCOLA MUNICIPAL HORIOSVALDO SANTOS,2006,SIM
1998,BA,BARROCAS,30775,2903276,39098,SERRINHA,150,1155,ESCOLA MUNICIPAL SAO JOSE,2006,SIM
1998,BA,BARROCAS,30775,2903276,39098,SERRINHA,150,1163,ESCOLA MUNICIPAL DE 1º GRAU JOSE PEDRO MOTA,2006,SIM
1998,BA,BARROCAS,30775,2903276,39098,SERRINHA,150,1180,GRUPO ESCOLAR AGENOR DE FREITAS,2006,SIM
1998,BA,BARROCAS,30775,2903276,39098,SERRINHA,150,1201,ESCOLA MUNICIPAL DANIEL GALDINO,2006,SIM
1998,BA,BARROCAS,30775,2903276,39098,SERRINHA,150,1210,ESCOLA MUNICIPAL JOSE ANCELMO DA SILVA,2006,SIM
1998,BA,BARROCAS,30775,2903276,39098,SERRINHA,150,1228,PREDIO ESCOLAR MUNICIPAL ANTONIO ROBERTO FERREIRA,2006,SIM
1998,BA,BARROCAS,30775,2903276,39098,SERRINHA,150,1236,ESPECIAL COLEGIO ESTADUAL PLINIO CARNEIRO DA SILVA,2006,SIM
1998,BA,BARROCAS,30775,2903276,39098,SERRINHA,150,1244,ESCOLA MUNICIPAL DE VELHO DOMINGOS,2006,SIM
1998,BA,LUIS EDUARDO MAGALHAES,30007,2919553,33634,BARREIRAS,70,1015,ESCOLA MUNICIPAL SAO PAULO,2006,
1998,BA,LUIS EDUARDO MAGALHAES,30007,2919553,33634,BARREIRAS,70,1023,ESCOLA MUNICIPAL FABIO JOHNNER,2006,
1998,BA,LUIS EDUARDO MAGALHAES,30007,2919553,33634,BARREIRAS,70,1031,GRUPO ESCOLAR HENRIQUE DE FREITAS MOREIRA-COLEGIO 02,2006,
1998,BA,LUIS EDUARDO MAGALHAES,30007,2919553,33634,BARREIRAS,70,1066,COLEGIO MUNICIPAL JOSE CARDOSO DE LIMA,2006,
1998,BA,LUIS EDUARDO MAGALHAES,30007,2919553,33634,BARREIRAS,70,1090,ESCOLA MUNICIPAL OTTOMAR SCHWENGBER,2006,
1998,BA,LUIS EDUARDO MAGALHAES,30007,2919553,33634,BARREIRAS,70,1104,ESCOLA MUNICIPAL AMELIO GATTO,2006,
1998,BA,LUIS EDUARDO MAGALHAES,30007,2919553,33634,BARREIRAS,70,1112,ESCOLA MUNICIPAL SAO FRANCISCO DE ASSIS,2006,
1998,BA,LUIS EDUARDO MAGALHAES,30007,2919553,33634,BARREIRAS,70,1120,ESPECIAL ESCOLA MUNICIPAL IVO HERIG,2006,
1998,BA,LUIS EDUARDO MAGALHAES,30007,2919553,33634,BARREIRAS,70,1139,ESCOLA MUNICIPAL VANIA RIBEIRO,2006,
1998,ES,GOVERNADOR LINDENBERG,56308,3202256,56294,COLATINA,6,1040,EEEF IRINEU MORELLO,2006,
1998,ES,GOVERNADOR LINDENBERG,56308,3202256,56294,COLATINA,6,1074,PRE-ESCOLA MUNICIPAL SAO JOSE,2006,
1998,ES,GOVERNADOR LINDENBERG,56308,3202256,56294,COLATINA,6,1082,CENTRO COMUNITARIO BARRA DE NOVO BRASIL,2006,
1998,GO,CAMPO LIMPO DE GOIAS,93580,5204854,92215,ANAPOLIS,3,1015,ESCOLA MUNICIPAL ALFREDO PEDRO DA SILVEIRA,2006,
1998,GO,IPIRANGA DE GOIAS,93548,5210158,96555,NOVA GLORIA,72,1031,ESCOLA REUNIDA BOM JESUS,2006,
1998,GO,IPIRANGA DE GOIAS,93548,5210158,96555,NOVA GLORIA,72,1040,COLEGIO ESTADUAL SETE DE SETEMBRO,2006,
1998,MS,FIGUEIRAO,55069,5003900,98035,COSTA RICA,38,1015,EM BENEDITO ALVES BOMFIM,2006,
1998,MS,FIGUEIRAO,55069,5003900,98035,COSTA RICA,38,1023,EEPG DR. ARNALDO ESTEVAO DE FIGUEIREDO,2006,
1998,MS,PARAISO DAS AGUAS,55050,5006275,98035,COSTA RICA,38,1066,EEPPSG VEREADOR KENDY NAKAY,2010,
1998,MT,BOA ESPERANCA DO NORTE,73709,5101837,98930,SORRISO,43,1074,ESCOLA MUNICIPAL AGUA LIMPA,2024,
1998,MT,BOA ESPERANCA DO NORTE,73709,5101837,98930,SORRISO,43,1082,ESCOLA MUNICIPAL PROFESSORA VERA LUCIA SCHMIDT,2024,
1998,MT,BOA ESPERANCA DO NORTE,73709,5101837,98930,SORRISO,43,1244,ESCOLA MUNICIPAL BOA ESPERANCA,2024,
1998,MT,NOVA NAZARE,90964,5106174,98671,COCALINHO,30,1015,ESCOLA MUNICIPAL NOVA NAZARE,2006,
1998,MT,SANTA RITA DO TRIVELATO,91049,5107768,90093,ALTO PARAGUAI,7,1023,E.M.P.G. NOVA BRUSQUE,2006,SIM
1998,MT,SANTA RITA DO TRIVELATO,91049,5107768,90646,NOVA MUTUM,7,1015,E.M.P.G. 3 DE NOVEMBRO,2006,SIM
1998,PA,MOJUI DOS CAMPOS,4863,1504752,4804,BELTERRA,20,1260,EMEF NOSSA SENHORA DO PERPETUO SOCORRO,2010,SIM
1998,PA,MOJUI DOS CAMPOS,4863,1504752,5355,SANTAREM,20,1864,EMEF SAO TOME,2010,SIM
1998,PA,MOJUI DOS CAMPOS,4863,1504752,5355,SANTAREM,20,1880,EMEF ISMAEL ARAUJO,2010,SIM
1998,PA,MOJUI DOS CAMPOS,4863,1504752,5355,SANTAREM,20,1899,EMEF PROF RAQUEL FREIRE PAZ,2010,SIM
1998,PA,MOJUI DOS CAMPOS,4863,1504752,5355,SANTAREM,20,1910,EMEF PROF ANTONIETA DOLORES TEIXEIRA,2010,SIM
1998,PA,MOJUI DOS CAMPOS,4863,1504752,5355,SANTAREM,20,1929,EMEF SANTANA,2010,SIM
1998,PA,MOJUI DOS CAMPOS,4863,1504752,5355,SANTAREM,20,1945,EMEF RUI BARBOSA,2010,SIM
1998,PA,MOJUI DOS CAMPOS,4863,1504752,5355,SANTAREM,20,1970,EMEF BARAO DO RIO BRANCO,2010,SIM
1998,PA,MOJUI DOS CAMPOS,4863,1504752,5355,SANTAREM,20,3182,EMEF SAO JOAO BATISTA,2010,SIM
1998,PA,MOJUI DOS CAMPOS,4863,1504752,5355,SANTAREM,20,3344,EMEF JOAO PAULO II,2010,SIM
1998,PA,MOJUI DOS CAMPOS,4863,1504752,5355,SANTAREM,20,3638,EMEF SAO JOAO,2010,SIM
1998,PA,MOJUI DOS CAMPOS,4863,1504752,5355,SANTAREM,20,3697,EMEF RAINHA DA FLORESTA,2010,SIM
1998,PA,MOJUI DOS CAMPOS,4863,1504752,5355,SANTAREM,20,3719,EMEF GERALDO MONTEIRO,2010,SIM
1998,PA,MOJUI DOS CAMPOS,4863,1504752,5355,SANTAREM,20,3735,EMEF CECILIA FLORES,2010,SIM
1998,PI,AROEIRAS DO ITAIM,12734,2200954,10944,PAQUETA,10,1058,UNIDADE ESCOLAR COSME RIBEIRO DE SOUSA,2006,SIM
1998,PI,AROEIRAS DO ITAIM,12734,2200954,10944,PAQUETA,10,1066,UNIDADE ESCOLAR MANOEL BORGES GONCALVES,2006,SIM
1998,PI,AROEIRAS DO ITAIM,12734,2200954,11592,PICOS,10,1040,UNIDADE ESCOLAR MIGUEL ANTONIO DA ROCHA,2006,SIM
1998,PI,NAZARIA,12726,2206720,12190,TERESINA,97,1015,GINASIO MUNICIPAL LIDIA RIBEIRO DE CARVALHO,2006,
1998,PI,NAZARIA,12726,2206720,12190,TERESINA,97,1023,GRUPO ESCOLAR FRANCISCO ALVES CARVALHO,2006,
1998,PI,NAZARIA,12726,2206720,12190,TERESINA,97,1031,UNIDADE ESCOLAR HILTON LEITE DE CARVALHO,2006,
1998,PI,NAZARIA,12726,2206720,12190,TERESINA,97,1040,ESCOLA MUNICIPAL CRISPIM,2006,
1998,PI,NAZARIA,12726,2206720,12190,TERESINA,97,1058,ESCOLA MUNICIPAL PETRONIO PORTELA,2006,
1998,PI,NAZARIA,12726,2206720,12190,TERESINA,97,1074,ESCOLA MUNICIPAL CAITITUS,2006,
1998,PI,NAZARIA,12726,2206720,12190,TERESINA,97,1082,ESCOLA MUNICIPAL ERNESTO RIBEIRO SOARES,2006,
1998,PI,NAZARIA,12726,2206720,12190,TERESINA,97,1090,ESCOLA MUNICIPAL BOM JARDIM,2006,
1998,PI,NAZARIA,12726,2206720,12190,TERESINA,97,1104,ESCOLA MUNICIPAL DIONISIO CARVALHO,2006,
1998,RJ,MESQUITA,58467,3302858,58696,NOVA IGUACU,83,1023,COLEGIO ESTADUAL BRASIL,2006,
1998,RJ,MESQUITA,58467,3302858,58696,NOVA IGUACU,83,1031,CIEP SAO FRANCISCO DE ASSIS,2006,
1998,RJ,MESQUITA,58467,3302858,58696,NOVA IGUACU,83,1058,COLEGIO PROFESSOR ANSELMO,2006,
1998,RJ,MESQUITA,58467,3302858,58696,NOVA IGUACU,83,1066,CLUBE SOCIAL PROLETARIO,2006,
1998,RJ,MESQUITA,58467,3302858,58696,NOVA IGUACU,83,1074,ESCOLA MUNICIPAL AMERICO SANTOS,2006,
1998,RJ,MESQUITA,58467,3302858,58696,NOVA IGUACU,83,1082,CIEP 111- GELSON FREITAS,2006,
1998,RJ,MESQUITA,58467,3302858,58696,NOVA IGUACU,83,1112,CIEP 364-NELSON RAMOS,2006,
1998,RJ,MESQUITA,58467,3302858,58696,NOVA IGUACU,83,1120,ESCOLA MUNICIPAL PRESIDENTE CASTELO BRANCO,2006,
1998,RJ,MESQUITA,58467,3302858,58696,NOVA IGUACU,83,1139,CENTRO COMUNITARIO PADRE DANIEL LEUUW,2006,
1998,RJ,MESQUITA,58467,3302858,58696,NOVA IGUACU,83,1147,IGREJA NOSSA SENHORA DE FATIMA,2006,
1998,RJ,MESQUITA,58467,3302858,58696,NOVA IGUACU,83,1163,COLEGIO ESTADUAL SANTO ELIAS,2006,
1998,RJ,MESQUITA,58467,3302858,58696,NOVA IGUACU,83,1180,GRUPO ESCOLAR VILA BELA,2006,
1998,RJ,MESQUITA,58467,3302858,58696,NOVA IGUACU,83,1279,ASSOCIACAO DE MORADORES DO COSMORAMA,2006,
1998,RJ,MESQUITA,58467,3302858,58696,NOVA IGUACU,83,1287,ASSEMBLEIA DE DEUS DE COSMORAMA,2006,
1998,RJ,MESQUITA,58467,3302858,58696,NOVA IGUACU,150,1015,COLEGIO MACHADO DE ASSIS,2006,
1998,RJ,MESQUITA,58467,3302858,58696,NOVA IGUACU,150,1023,COMUNIDADE SAO MARCOS,2006,
1998,RJ,MESQUITA,58467,3302858,58696,NOVA IGUACU,150,1058,COMUNIDADE SAO MATEUS,2006,
1998,RJ,MESQUITA,58467,3302858,58696,NOVA IGUACU,150,1082,UNIAO FUTEBOL CLUBE,2006,
1998,RJ,MESQUITA,58467,3302858,58696,NOVA IGUACU,150,1104,MESQUITA FUTEBOL CLUB,2006,
1998,RJ,MESQUITA,58467,3302858,58696,NOVA IGUACU,150,1112,CENTRO EDUCACIONAL NAZARENO (CENAZA),2006,
1998,RJ,MESQUITA,58467,3302858,58696,NOVA IGUACU,150,1120,INSTITUTO BATISTA DE ENSINO,2006,
1998,RJ,MESQUITA,58467,3302858,58696,NOVA IGUACU,150,1147,GRUPO ESCOLAR DOM PEDRO I,2006,
1998,RJ,MESQUITA,58467,3302858,58696,NOVA IGUACU,150,1155,IGREJA DO NAZARENO,2006,
1998,RJ,MESQUITA,58467,3302858,58696,NOVA IGUACU,150,1163,GINASIO VOCACIONAL PRESIDENTE CASTELO BRANCO,2006,
1998,RJ,MESQUITA,58467,3302858,58696,NOVA IGUACU,150,1171,ESCOLA MUNICIPAL ROTARIANO ARTHUR SILVA,2006,
1998,RJ,MESQUITA,58467,3302858,58696,NOVA IGUACU,150,1201,COLEGIO MANOEL REIS,2006,
1998,RJ,MESQUITA,58467,3302858,58696,NOVA IGUACU,150,1210,COLEGIO ESTADUAL PIERRE PLANCHER,2006,
1998,RJ,MESQUITA,58467,3302858,58696,NOVA IGUACU,150,1228,CENTRO EDUCACIONAL ARTE E VIDA,2006,
1998,RJ,MESQUITA,58467,3302858,58696,NOVA IGUACU,150,1236,ESCOLA MUNICIPAL ELI BAHIENSE VAILANTE,2006,
1998,RJ,MESQUITA,58467,3302858,58696,NOVA IGUACU,150,1252,POSTO DE SAUDE - UNIDADE BASICA DA CHATUBA,2006,
1998,RJ,MESQUITA,58467,3302858,58696,NOVA IGUACU,150,1260,PRIMEIRA IGREJA BATISTA DE MESQUITA,2006,
1998,RJ,MESQUITA,58467,3302858,58696,NOVA IGUACU,150,1279,COLEGIO ESTADUAL ANA NERI,2006,
1998,RJ,MESQUITA,58467,3302858,58696,NOVA IGUACU,150,1287,IGREJA NOSSA SENHORA DAS GRACAS,2006,
1998,RJ,MESQUITA,58467,3302858,58696,NOVA IGUACU,150,1295,PAROQUIA NOSSA SENHORA DE FATIMA,2006,
1998,RJ,MESQUITA,58467,3302858,58696,NOVA IGUACU,150,1309,CENTRO EDUCACIONAL CUNHA TRINDADE,2006,
1998,RJ,MESQUITA,58467,3302858,58696,NOVA IGUACU,150,1317,TENIS CLUBE DE MESQUITA,2006,
1998,RS,ACEGUA,88986,4300034,85316,BAGE,7,1023,ESCOLA BARAO DO ACEGUA,2006,SIM
1998,RS,ACEGUA,88986,4300034,86487,CANDIOTA,7,1074,ESCOLA SAO TIMOTEO,2006,SIM
1998,RS,ACEGUA,88986,4300034,86800,HULHA NEGRA,7,1040,ESCOLA MENNO SIMONS,2006,SIM
1998,RS,ALMIRANTE TAMANDARE DO SUL,89001,4300471,86037,CHAPADA,15,1058,RAIMUNDO NEDEL - ESC. MUN. DE ENS. FUNDAMENTAL,2006,SIM
1998,RS,ALMIRANTE TAMANDARE DO SUL,89001,4300471,86606,COQUEIROS DO SUL,15,1066,BENTO GONCALVES - ESC MUN. DE ENS. FUNDAMENTAL,2006,SIM
1998,RS,ALMIRANTE TAMANDARE DO SUL,89001,4300471,87661,SANTO ANTONIO DO PLANALTO,15,1015,ALMIRANTE TAMANDARE - ESC. EST. DE ENS. MEDIO,2006,SIM
1998,RS,ALMIRANTE TAMANDARE DO SUL,89001,4300471,87661,SANTO ANTONIO DO PLANALTO,15,1040,PAVILHAO CATOLICO DA CAPELA SAO JORGE,2006,SIM
1998,RS,ARROIO DO PADRE,89028,4301073,86185,MORRO REDONDO,60,1023,ESCOLA MUNICIPAL PROFESSORA GERTHA BONOW SCHEUNEMANN,2006,SIM
1998,RS,ARROIO DO PADRE,89028,4301073,86185,MORRO REDONDO,60,1058,ESCOLA MUNICIPAL RIO BRANCO,2006,SIM
1998,RS,ARROIO DO PADRE,89028,4301073,86185,MORRO REDONDO,60,1066,ESCOLA ESTADUAL ARROIO DO PADRE,2006,SIM
1998,RS,ARROIO DO PADRE,89028,4301073,87912,PELOTAS,60,1040,ESCOLA MUNICIPAL SILVEIRA MARTINS,2006,SIM
1998,RS,ARROIO DO PADRE,89028,4301073,87912,PELOTAS,60,1074,CASA COMERCIAL SR. ENO VENZKE,2006,SIM
1998,RS,BOA VISTA DO CADEADO,89044,4302220,98272,FORTALEZA DOS VALOS,17,1066,CENTRO COMUNITARIO RINCAO DO TIGRE,2006,
1998,RS,BOA VISTA DO CADEADO,89044,4302220,98272,FORTALEZA DOS VALOS,17,1074,SALAO COMUNITARIO SAO JOAO,2006,
1998,RS,BOZANO,89087,4302584,86622,CORONEL BARROS,23,1031,CENTRO COMUNITARIO DA CAPELA SANTO ANTONIO,2006,SIM
1998,RS,BOZANO,89087,4302584,87050,IJUI,23,1023,CENTRO COMUNITARIO SAO MIGUEL,2006,SIM
1998,RS,BOZANO,89087,4302584,87050,IJUI,23,1074,CENTRO COMUNITARIO SANTA LUCIA,2006,SIM
1998,RS,BOZANO,89087,4302584,87050,IJUI,23,1082,CENTRO COMUNITARIO DE BOA ESPERANCA,2006,SIM
1998,RS,BOZANO,89087,4302584,88560,NOVA RAMADA,23,1090,ESCOLA MUNICIPAL DE 1 GRAU INC. SANTOS DUMONT,2006,SIM
1998,RS,CANUDOS DO VALE,89109,4304614,86215,CRUZEIRO DO SUL,29,1040,SALAO COMUNITARIO DE BAIXO CANUDOS,2006,SIM
1998,RS,CANUDOS DO VALE,89109,4304614,87904,SERIO,29,1066,ESCOLA ESTADUAL HUGO OSCAR SPOHR,2006,SIM
1998,RS,CANUDOS DO VALE,89109,4304614,88820,MARQUES DE SOUZA,29,1090,SALAO COMUNITARIO DE NOVA PARIS,2006,SIM
1998,RS,CAPAO BONITO DO SUL,89125,4304622,87165,MULITERNO,28,1058,SALAO 3 DE JUNHO,2006,SIM
1998,RS,CAPAO BONITO DO SUL,89125,4304622,87270,LAGOA VERMELHA,28,1082,ASSOCIACAO DE MORADORES ASSENTAMENTO 25 DE NOVEMBRO - POSTO,2006,SIM
1998,RS,CAPAO DO CIPO,89141,4304655,88510,SANTIAGO,44,1031,ESCOLA ESTADUAL MACEDO BELTRAO DO NASCIMENTO,2006,
1998,RS,CAPAO DO CIPO,89141,4304655,88510,SANTIAGO,44,1040,ESCOLA MUNICIPAL EUGENIO JOSE DE VARGAS,2006,
1998,RS,CAPAO DO CIPO,89141,4304655,88510,SANTIAGO,44,1058,ESCOLA MUNICIPAL NOSSA SENHORA DE FATIMA,2006,
1998,RS,CAPAO DO CIPO,89141,4304655,88510,SANTIAGO,44,1082,CENTRO DE TRADICOES GAUCHAS,2006,
1998,RS,CAPAO DO CIPO,89141,4304655,88510,SANTIAGO,44,1104,CTG DE PROGRESSO,2006,
1998,RS,CAPAO DO CIPO,89141,4304655,88510,SANTIAGO,44,1112,IGREJA CATOLICA DE INHACAPETUM,2006,
1998,RS,CAPAO DO CIPO,89141,4304655,88510,SANTIAGO,44,1120,PREFEITURA MUNICIPAL DE CAPAO DO CIPO,2006,
1998,RS,COQUEIRO BAIXO,89168,4305835,85197,ARROIO DO MEIO,104,1066,SALAO COMUNITARIO SANTO IZIDORO,2006,SIM
1998,RS,COQUEIRO BAIXO,89168,4305835,85197,ARROIO DO MEIO,104,1074,ESCOLA MUNICIPAL ENSINO FUNDAMENTAL SETE DE SETEMBRO,2006,SIM
1998,RS,COQUEIRO BAIXO,89168,4305835,85421,POUSO NOVO,104,1015,SALAO COMUNITARIO ARROIO DA LAJE,2006,SIM
1998,RS,COQUEIRO BAIXO,89168,4305835,86509,CAPITAO,104,1040,SALAO COMUNITARIO DE LINHA ALEGRE BAIXA,2006,SIM
1998,RS,COQUEIRO BAIXO,89168,4305835,86509,CAPITAO,104,1082,PAVILHAO DA COMUNIDADE NOSSA SENHORA DAS DORES,2006,SIM
1998,RS,COQUEIRO BAIXO,89168,4305835,86509,CAPITAO,104,1090,SALAO COMUNITARIO SAGRADO CORACAO DE JESUS,2006,SIM
1998,RS,COQUEIRO BAIXO,89168,4305835,87637,NOVA BRESCIA,104,1023,ESCOLA ESTADUAL ENSINO FUNDAMENTAL COQUEIRO ALTO,2006,SIM
1998,RS,COQUEIRO BAIXO,89168,4305835,87637,NOVA BRESCIA,104,1031,ESCOLA ESTADUAL ENSINO FUNDAMENTAL DONATO CAUMO,2006,SIM
1998,RS,COQUEIRO BAIXO,89168,4305835,87980,TRAVESSEIRO,104,1058,ESCOLA MUNICIPAL LINHA GARIBALDI,2006,SIM
1998,RS,CORONEL PILAR,89184,4305934,88161,BOA VISTA DO SUL,98,1023,ESCOLA MUNICIPAL ALBERTO PASQUALINI,2006,
1998,RS,CORONEL PILAR,89184,4305934,88161,BOA VISTA DO SUL,98,1031,ESCOLA MUNICIPAL BENTO GONCALVES,2006,
1998,RS,CORONEL PILAR,89184,4305934,88161,BOA VISTA DO SUL,98,1040,ESCOLA MUNICIPAL CARLOS GOMES,2006,
1998,RS,CORONEL PILAR,89184,4305934,88161,BOA VISTA DO SUL,98,1058,ESCOLA MUNICIPAL PADRE COSME FIORINI,2006,
1998,RS,CORONEL PILAR,89184,4305934,88161,BOA VISTA DO SUL,98,1066,ESCOLA MUNICIPAL VERA CRUZ,2006,
1998,RS,CORONEL PILAR,89184,4305934,88161,BOA VISTA DO SUL,98,1074,SALAO COMUNITARIO NOVENTA,2006,
1998,RS,CORONEL PILAR,89184,4305934,88161,BOA VISTA DO SUL,98,1090,ESCOLA MUNICIPAL BENJAMIN CONSTANT,2006,
1998,RS,CORONEL PILAR,89184,4305934,88161,BOA VISTA DO SUL,98,1104,SALAO COMUNITARIO CRUZEIRO,2006,
1998,RS,CORONEL PILAR,89184,4305934,88161,BOA VISTA DO SUL,98,1112,SALAO COMUNITARIO DE CARAVAGGIO,2006,
1998,RS,CRUZALTENSE,89206,4306130,85170,ARATIBA,20,1104,ESCOLA ESTADUAL DE ENSINO MEDIO VERA CRUZ,2006,SIM
1998,RS,CRUZALTENSE,89206,4306130,86371,ERECHIM,20,1074,ESCOLA MUNICIPAL DE ENSINO FUNDAMENTAL CARLOS HEITOR DE AZEVEDO,2006,SIM
1998,RS,CRUZALTENSE,89206,4306130,86380,BARRA DO RIO AZUL,20,1031,ESCOLA MUNICIPAL DE ENSINO FUNDAMENTAL RUI BARBOSA,2006,SIM
1998,RS,FORQUETINHA,89222,4308433,84760,PROGRESSO,29,1031,SOCIEDADE NAI DATTSCHLAND,2006,SIM
1998,RS,FORQUETINHA,89222,4308433,87904,SERIO,29,1023,SOCIEDADE DE CANTORES CARLOS GOMES,2006,SIM
1998,RS,JACUIZINHO,89265,4310876,84840,TUNAS,154,1023,ESCOLA ESTADUAL MENINO JESUS,2006,SIM
1998,RS,JACUIZINHO,89265,4310876,84840,TUNAS,154,1031,ESCOLA MUNICIPAL THOMAS ANTONIO GONZAGA,2006,SIM
1998,RS,JACUIZINHO,89265,4310876,84840,TUNAS,154,1040,ESCOLA MUNICIPAL GREGORIO RODRIGUES DA COSTA,2006,SIM
1998,RS,JACUIZINHO,89265,4310876,85235,ARROIO DO TIGRE,154,1066,ESCOLA MUNICIPAL NOSSA SENHORA DO ROSARIO,2006,SIM
1998,RS,JACUIZINHO,89265,4310876,88404,ESTRELA VELHA,154,1015,BORGES DE MEDEIROS ESCOLA,2006,SIM
1998,RS,JACUIZINHO,89265,4310876,88404,ESTRELA VELHA,154,1112,ESCOLA ANDRE SCHNEIDER NETO,2006,SIM
1998,RS,JACUIZINHO,89265,4310876,88404,ESTRELA VELHA,154,1139,ESCOLA MUNICIPAL AVELINO JOSE DA SILVA,2006,SIM
1998,RS,LAGOA BONITA DO SUL,89281,4311239,88889,PASSA SETE,53,1015,ESCOLA MUNICIPAL 25 DE JULHO,2006,
1998,RS,LAGOA BONITA DO SUL,89281,4311239,88889,PASSA SETE,53,1031,ESCOLA MUNICIPAL MARECHAL TEODORO,2006,
1998,RS,MATO QUEIMADO,89303,4312179,88870,SAO NICOLAU,52,1015,ESPORTE CLUBE SAO LUIZ,2006,
1998,RS,NOVO XINGU,89320,4313466,86134,CONSTANTINA,146,1015,ESCOLA MUNIC. ENSINO FUND. HUMBERTO DE CAMPOS,2006,SIM
1998,RS,NOVO XINGU,89320,4313466,87335,LIBERATO SALZANO,146,1058,ESCOLA MUNIC. ENSINO FUND. JULIO DE CASTILHO,2006,SIM
1998,RS,PEDRAS ALTAS,89567,4314175,87939,PINHEIRO MACHADO,35,1015,"ASSIS BRASIL, ESC. MUN. ENS. FUND.",2006,
1998,RS,PEDRAS ALTAS,89567,4314175,87939,PINHEIRO MACHADO,35,1023,"ARROIO MAU, ASSIS BRASIL, ESCOLA MUNICIPAL",2006,
1998,RS,PEDRAS ALTAS,89567,4314175,87939,PINHEIRO MACHADO,35,1031,"SAO DIOGO, ESC. EST. ENS. FUND.",2006,
1998,RS,PEDRAS ALTAS,89567,4314175,87939,PINHEIRO MACHADO,35,1040,"VISCONDE DE CERRO ALEGRE, ESC. EST. ENS. FUND.",2006,
1998,RS,PEDRAS ALTAS,89567,4314175,87939,PINHEIRO MACHADO,35,1058,"EUNIL ELIAS DOS SANTOS, ESC. MUN. ENS. FUND.",2006,
1998,RS,PEDRAS ALTAS,89567,4314175,87939,PINHEIRO MACHADO,35,1066,"NEUZA BRIZOLA, ESC. MUN. ENS. FUND.",2006,
1998,RS,PEDRAS ALTAS,89567,4314175,87939,PINHEIRO MACHADO,35,1074,"LAGO AZUL, ESCOLA MUN. ENS. FUND.",2006,
1998,RS,PINHAL DA SERRA,89362,4314464,86452,ESMERALDA,58,1082,SALAO COMUNITARIO DA CAPELA SAO CRISTOVAO,2006,SIM
1998,RS,PINHAL DA SERRA,89362,4314464,86460,CAMPESTRE DA SERRA,58,1015,SALAO COMUNITARIO DA CAPELA SAO ROQUE,2006,SIM
1998,RS,PINHAL DA SERRA,89362,4314464,86460,CAMPESTRE DA SERRA,58,1066,ESC. MUN. ENS. FUNDAMENTAL MARCULINO CHAVES,2006,SIM
1998,RS,PINHAL DA SERRA,89362,4314464,88544,MUITOS CAPOES,58,1031,ESC. MUN. ENS. FUNDAMENTAL AFONSO PENA,2006,SIM
1998,RS,PINHAL DA SERRA,89362,4314464,88544,MUITOS CAPOES,58,1058,SALAO COMUNITARIO DA CAPELA SAO PEDRO,2006,SIM
1998,RS,PINHAL DA SERRA,89362,4314464,88803,MONTE ALEGRE DOS CAMPOS,58,1074,SALAO COMUNITARIO PORTEIRA DO PINHAL,2006,SIM
1998,RS,PINHAL DA SERRA,89362,4314464,89532,VACARIA,58,1040,SALAO COMUNITARIO CAPELA NOSSA SRA. DA CONCEICAO,2006,SIM
1998,RS,PINHAL DA SERRA,89362,4314464,89532,VACARIA,58,1104,ESC. EST. ENS. FUNDAMENTAL PAULO SEXTO,2006,SIM
1998,RS,PINTO BANDEIRA,89540,4314548,85413,BENTO GONCALVES,8,1945,JOSE PANSERA - ESCOLA,2012,
1998,RS,PINTO BANDEIRA,89540,4314548,85413,BENTO GONCALVES,8,1953,SALAO SAO GABRIEL,2012,
1998,RS,PINTO BANDEIRA,89540,4314548,85413,BENTO GONCALVES,8,1996,BARAO DO MAUA - ESCOLA,2012,
1998,RS,ROLADOR,89400,4315958,85049,DEZESSEIS DE NOVEMBRO,52,1090,ESC. EST. DE ENS. MEDIO CASTRO ALVES,2006,SIM
1998,RS,ROLADOR,89400,4315958,85499,BOSSOROCA,52,1120,ESCOLA MUNICIPAL AMALIA MENEZES,2006,SIM
1998,RS,ROLADOR,89400,4315958,85650,CAIBATE,52,1104,ESC. EST. ENS. FUND. JOAO MANUEL DE LIMA E SILVA,2006,SIM
1998,RS,ROLADOR,89400,4315958,88811,SAO LUIZ GONZAGA,52,1031,ESC. MUN. NOSSA SENHORA DOS NAVEGANTES,2006,SIM
1998,RS,ROLADOR,89400,4315958,88811,SAO LUIZ GONZAGA,52,1112,ESCOLA MUNICIPAL DE 1 GRAU PRINCESA ISABEL,2006,SIM
1998,RS,SANTA CECILIA DO SUL,89247,4316733,88749,VILA LANGARO,100,1058,ESCOLA ESTADUAL DE ENS. FUND. BELARMINO AMERICO DA VEIGA,2006,
1998,RS,SANTA MARGARIDA DO SUL,89443,4316972,88692,SAO GABRIEL,49,1015,CLUBE UNIAO RECREATIVA MARGARIDENSE,2006,
1998,RS,SANTA MARGARIDA DO SUL,89443,4316972,88692,SAO GABRIEL,49,1031,ESCOLA MUNICIPAL RODRIGUES ALVES,2006,
1998,RS,SANTA MARGARIDA DO SUL,89443,4316972,88692,SAO GABRIEL,49,1040,ESCOLA MUNICIPAL ROSALINA MACHADO FIALHO,2006,
1998,RS,SANTA MARGARIDA DO SUL,89443,4316972,88692,SAO GABRIEL,49,1074,ESCOLA MUNICIPAL MARIO PRATES DE MORAES,2006,
1998,RS,SANTA MARGARIDA DO SUL,89443,4316972,88692,SAO GABRIEL,49,1082,ESCOLA MUNICIPAL JOSE CAON,2006,
1998,RS,SANTA MARGARIDA DO SUL,89443,4316972,88692,SAO GABRIEL,49,1090,ESCOLA MUNICIPAL MANOELA PRATES DE BEZERRA,2006,
1998,RS,SAO JOSE DO SUL,89460,4318614,86983,MARATA,31,1015,SOCIEDADE SANTA CECILIA,2006,SIM
1998,RS,SAO JOSE DO SUL,89460,4318614,87327,PARECI NOVO,31,1023,E.M.E.F. JACO PEDRO CALSING,2006,SIM
1998,RS,SAO JOSE DO SUL,89460,4318614,88331,SALVADOR DO SUL,31,1040,ASSOCIACAO UNIAO VETERANOS DA LINHA BONITA BAIXA,2006,SIM
1998,RS,SAO JOSE DO SUL,89460,4318614,88331,SALVADOR DO SUL,31,1066,E.M.E.F. JOAO LERNER,2006,SIM
1998,RS,SAO PEDRO DAS MISSOES,89486,4319364,86428,BOA VISTA DAS MISSOES,32,1040,ESCOLA MUNICIPAL ULMIRINDO MACHADO,2006,
1998,RS,TIO HUGO,89508,4321469,87556,NAO-ME-TOQUE,117,1031,ASSOCIACAO DO LAR BOA ESPERANCA (ALBE),2006,
1998,RS,TIO HUGO,89508,4321469,87556,NAO-ME-TOQUE,117,1058,ESCOLA MUNICIPAL DE ENSINO FUNDAMENTAL FREI CLEMENTE,2006,
1998,RS,TIO HUGO,89508,4321469,87556,NAO-ME-TOQUE,117,1066,ESCOLA MUNICIPAL DE ENSINO FUNDAMENTAL LAURENTINO MACHADO,2006,
1998,RS,WESTFALIA,89524,4323770,85472,BOM RETIRO DO SUL,21,1074,SOCIEDADE ESPORTIVA PALMEIRAS,2006,SIM
1998,RS,WESTFALIA,89524,4323770,86584,COLINAS,21,1015,SOCIEDADE ESPORTIVA JUVENTUDE,2006,SIM
1998,RS,WESTFALIA,89524,4323770,86584,COLINAS,21,1031,CASA DA COMUNIDADE EVANGELICA LINHA SCHMIDT (COMUNIDADE SIAO),2006,SIM
1998,RS,WESTFALIA,89524,4323770,86584,COLINAS,21,1058,ESCOLA MUNICIPAL DE ENSINO FUNDAMENTAL VILA SCHMIDT,2006,SIM
1998,RS,WESTFALIA,89524,4323770,86584,COLINAS,21,1090,ESCOLA MUNICIPAL DE ENSINO FUNDAMENTAL RIO BRANCO,2006,SIM
1998,RS,WESTFALIA,89524,4323770,88366,FAZENDA VILANOVA,21,1040,CENTRO COMUNITARIO LINHA FRANK,2006,SIM
1998,RS,WESTFALIA,89524,4323770,98213,TEUTONIA,21,1023,CLUBE ESPORTIVO ESPERANCA,2006,SIM
1998,SC,BALNEARIO RINCAO,83909,4220000,81370,ICARA,79,1163,CENTRO DE EDUCACAO INFANTIL MUNDO ENCANTADO,2012,
1998,SC,BALNEARIO RINCAO,83909,4220000,81370,ICARA,79,1228,SALAO PAROQUIAL LAGOA DOS ESTEVES,2012,
1998,SC,BALNEARIO RINCAO,83909,4220000,81370,ICARA,79,1236,ESCOLA BASICA GERVASIO TEIXEIRA FERNANDES,2012,
1998,SC,BALNEARIO RINCAO,83909,4220000,81370,ICARA,79,1252,ESCOLA DE EDUCACAO BASICA MELCHIADES BONIFACIO ESPINDOLA,2012,
1998,SC,PESCARIA BRAVA,83925,4212650,81850,LAGUNA,20,1201,ESCOLA DE EDUCACAO BASICA MARTINHO CALLADO JUNIOR,2012,
1998,SC,PESCARIA BRAVA,83925,4212650,81850,LAGUNA,20,1228,ESCOLA DE EDUCACAO BASICA DOMINGOS BARBOSA CABRAL,2012,
1998,SC,PESCARIA BRAVA,83925,4212650,81850,LAGUNA,20,1295,ESCOLA DE EDUCACAO BASICA PALMIRA MORAES DE MIRANDA,2012,
2002,MS,FIGUEIRAO,55069,5003900,98035,COSTA RICA,38,1015,EM BENEDITO ALVES BOMFIM,2006,
2002,MS,FIGUEIRAO,55069,5003900,98035,COSTA RICA,38,1023,EEPG DR. ARNALDO ESTEVAO DE FIGUEIREDO,2006,
2002,MS,PARAISO DAS AGUAS,55050,5006275,98035,COSTA RICA,38,1066,EEPPSG VEREADOR KENDY NAKAY,2010,
2002,MT,BOA ESPERANCA DO NORTE,73709,5101837,98930,SORRISO,43,1074,ESCOLA MUNICIPAL AGUA LIMPA,2024,
2002,MT,BOA ESPERANCA DO NORTE,73709,5101837,98930,SORRISO,43,1082,ESCOLA MUNICIPAL PROFESSORA VERA LUCIA SCHMIDT,2024,
2002,PA,MOJUI DOS CAMPOS,4863,1504752,5355,SANTAREM,20,1260,EMEF NOSSA SENHORA DO PERPETUO SOCORRO,2010,
2002,PA,MOJUI DOS CAMPOS,4863,1504752,5355,SANTAREM,20,1864,EMEF SAO TOME,2010,
2002,PA,MOJUI DOS CAMPOS,4863,1504752,5355,SANTAREM,20,1880,EMEF ISMAEL ARAUJO,2010,
2002,PA,MOJUI DOS CAMPOS,4863,1504752,5355,SANTAREM,20,1899,EMEF PROF RAQUEL FREIRE PAZ,2010,
2002,PA,MOJUI DOS CAMPOS,4863,1504752,5355,SANTAREM,20,1910,EMEF PROF ANTONIETA DOLORES TEIXEIRA,2010,
2002,PA,MOJUI DOS CAMPOS,4863,1504752,5355,SANTAREM,20,1929,EMEF SANTANA,2010,
2002,PA,MOJUI DOS CAMPOS,4863,1504752,5355,SANTAREM,20,1945,EMEF RUI BARBOSA,2010,
2002,PA,MOJUI DOS CAMPOS,4863,1504752,5355,SANTAREM,20,1970,EMEF BARAO DO RIO BRANCO,2010,
2002,PA,MOJUI DOS CAMPOS,4863,1504752,5355,SANTAREM,20,3182,EMEF SAO JOAO BATISTA,2010,
2002,PA,MOJUI DOS CAMPOS,4863,1504752,5355,SANTAREM,20,3344,EMEF JOAO PAULO II,2010,
2002,PA,MOJUI DOS CAMPOS,4863,1504752,5355,SANTAREM,20,3697,EMEF RAINHA DA FLORESTA,2010,
2002,PA,MOJUI DOS CAMPOS,4863,1504752,5355,SANTAREM,20,3719,EMEF GERALDO MONTEIRO,2010,
2002,PA,MOJUI DOS CAMPOS,4863,1504752,5355,SANTAREM,20,3735,EMEF CECILIA FLORES,2010,
2002,PA,MOJUI DOS CAMPOS,4863,1504752,5355,SANTAREM,20,3743,EMEF PADRE ANTONIO VIEIRA,2010,
2002,PI,NAZARIA,12726,2206720,12190,TERESINA,97,1015,GINASIO MUNICIPAL LIDIA RIBEIRO DE CARVALHO,2006,
2002,PI,NAZARIA,12726,2206720,12190,TERESINA,97,1023,GRUPO ESCOLAR FRANCISCO ALVES CARVALHO,2006,
2002,PI,NAZARIA,12726,2206720,12190,TERESINA,97,1031,UNIDADE ESCOLAR HILTON LEITE DE CARVALHO,2006,
2002,PI,NAZARIA,12726,2206720,12190,TERESINA,97,1040,ESCOLA MUNICIPAL CRISPIM,2006,
2002,PI,NAZARIA,12726,2206720,12190,TERESINA,97,1074,ESCOLA MUNICIPAL CAITITUS,2006,
2002,PI,NAZARIA,12726,2206720,12190,TERESINA,97,1082,ESCOLA MUNICIPAL ERNESTO RIBEIRO SOARES,2006,
2002,PI,NAZARIA,12726,2206720,12190,TERESINA,97,1090,ESCOLA MUNICIPAL BOM JARDIM,2006,
2002,PI,NAZARIA,12726,2206720,12190,TERESINA,97,1104,ESCOLA MUNICIPAL DIONISIO CARVALHO,2006,
2002,SC,BALNEARIO RINCAO,83909,4220000,81370,ICARA,79,1163,CENTRO DE EDUCACAO INFANTIL MUNDO ENCANTADO,2012,
2002,SC,BALNEARIO RINCAO,83909,4220000,81370,ICARA,79,1228,SALAO PAROQUIAL LAGOA DOS ESTEVES,2012,
2002,SC,BALNEARIO RINCAO,83909,4220000,81370,ICARA,79,1236,ESCOLA BASICA GERVASIO TEIXEIRA FERNANDES,2012,
2002,SC,BALNEARIO RINCAO,83909,4220000,81370,ICARA,79,1252,ESCOLA DE EDUCACAO BASICA MELCHIADES BONIFACIO ESPINDOLA,2012,
2002,SC,PESCARIA BRAVA,83925,4212650,81850,LAGUNA,20,1201,ESCOLA DE EDUCACAO BASICA MARTINHO CALLADO JUNIOR,2012,
2002,SC,PESCARIA BRAVA,83925,4212650,81850,LAGUNA,20,1228,ESCOLA DE EDUCACAO BASICA DOMINGOS BARBOSA CABRAL,2012,
2002,SC,PESCARIA BRAVA,83925,4212650,81850,LAGUNA,20,1295,ESCOLA DE EDUCACAO BASICA PALMIRA MORAES DE MIRANDA,2012,
2006,MS,PARAISO DAS AGUAS,55050,5006275,98035,COSTA RICA,38,1066,EEPPSG VEREADOR KENDY NAKAY,2010,
2006,MT,BOA ESPERANCA DO NORTE,73709,5101837,98930,SORRISO,43,1074,ESCOLA MUNICIPAL AGUA LIMPA,2024,
2006,MT,BOA ESPERANCA DO NORTE,73709,5101837,98930,SORRISO,43,1082,ESCOLA MUNICIPAL PROFESSORA VERA LUCIA SCHMIDT,2024,
2006,MT,BOA ESPERANCA DO NORTE,73709,5101837,98930,SORRISO,43,1244,ESCOLA MUNICIPAL BOA ESPERANCA,2024,
2006,PA,MOJUI DOS CAMPOS,4863,1504752,5355,SANTAREM,20,1260,EMEF NOSSA SENHORA DO PERPETUO SOCORRO,2010,
2006,PA,MOJUI DOS CAMPOS,4863,1504752,5355,SANTAREM,20,1864,EMEF SAO TOME,2010,
2006,PA,MOJUI DOS CAMPOS,4863,1504752,5355,SANTAREM,20,1880,EMEF ISMAEL ARAUJO,2010,
2006,PA,MOJUI DOS CAMPOS,4863,1504752,5355,SANTAREM,20,1899,EMEF PROF RAQUEL FREIRE PAZ,2010,
2006,PA,MOJUI DOS CAMPOS,4863,1504752,5355,SANTAREM,20,1910,EMEF PROF ANTONIETA DOLORES TEIXEIRA,2010,
2006,PA,MOJUI DOS CAMPOS,4863,1504752,5355,SANTAREM,20,1929,EMEF SANTANA,2010,
2006,PA,MOJUI DOS CAMPOS,4863,1504752,5355,SANTAREM,20,1945,EMEF RUI BARBOSA,2010,
2006,PA,MOJUI DOS CAMPOS,4863,1504752,5355,SANTAREM,20,1970,EMEF BARAO DO RIO BRANCO,2010,
2006,PA,MOJUI DOS CAMPOS,4863,1504752,5355,SANTAREM,20,3182,EMEF SAO JOAO BATISTA,2010,
2006,PA,MOJUI DOS CAMPOS,4863,1504752,5355,SANTAREM,20,3344,EMEF JOAO PAULO II,2010,
2006,PA,MOJUI DOS CAMPOS,4863,1504752,5355,SANTAREM,20,3697,EMEF RAINHA DA FLORESTA,2010,
2006,PA,MOJUI DOS CAMPOS,4863,1504752,5355,SANTAREM,20,3719,EMEF GERALDO MONTEIRO,2010,
2006,PA,MOJUI DOS CAMPOS,4863,1504752,5355,SANTAREM,20,3735,EMEF CECILIA FLORES,2010,
2006,PA,MOJUI DOS CAMPOS,4863,1504752,5355,SANTAREM,20,3743,EMEF PADRE ANTONIO VIEIRA,2010,
2006,PA,MOJUI DOS CAMPOS,4863,1504752,5355,SANTAREM,20,3905,EMEF SANTA MARIA,2010,
2006,PA,MOJUI DOS CAMPOS,4863,1504752,5355,SANTAREM,20,3930,EMEF NOSSA SENHORA DO PERPETUO SOCORRO,2010,
2006,PA,MOJUI DOS CAMPOS,4863,1504752,5355,SANTAREM,20,3964,EMEF PRINCESA ISABEL,2010,
2006,PA,MOJUI DOS CAMPOS,4863,1504752,5355,SANTAREM,20,3999,EMEF MARIA DO ROSARIO NUNES,2010,
2006,PA,MOJUI DOS CAMPOS,4863,1504752,5355,SANTAREM,20,4170,EMEF FRANCISCO PEREIRA DOS SANTOS,2010,
2006,PA,MOJUI DOS CAMPOS,4863,1504752,5355,SANTAREM,20,4200,EMEF SANSAO DA SILVA,2010,
2006,PA,MOJUI DOS CAMPOS,4863,1504752,5355,SANTAREM,20,4227,EMEF SANTA RITA DE CASSIA,2010,
2006,RS,PINTO BANDEIRA,89540,4314548,85413,BENTO GONCALVES,8,1945,JOSE PANSERA - ESCOLA,2012,
2006,RS,PINTO BANDEIRA,89540,4314548,85413,BENTO GONCALVES,8,1953,SALAO SAO GABRIEL,2012,
2006,RS,PINTO BANDEIRA,89540,4314548,85413,BENTO GONCALVES,8,1996,BARAO DO MAUA - ESCOLA,2012,
2006,SC,BALNEARIO RINCAO,83909,4220000,81370,ICARA,79,1163,CENTRO DE EDUCACAO INFANTIL MUNDO ENCANTADO,2012,
2006,SC,BALNEARIO RINCAO,83909,4220000,81370,ICARA,79,1228,SALAO PAROQUIAL LAGOA DOS ESTEVES,2012,
2006,SC,BALNEARIO RINCAO,83909,4220000,81370,ICARA,79,1236,ESCOLA BASICA GERVASIO TEIXEIRA FERNANDES,2012,
2006,SC,BALNEARIO RINCAO,83909,4220000,81370,ICARA,79,1252,ESCOLA DE EDUCACAO BASICA MELCHIADES BONIFACIO ESPINDOLA,2012,
2006,SC,PESCARIA BRAVA,83925,4212650,81850,LAGUNA,20,1201,ESCOLA DE EDUCACAO BASICA MARTINHO CALLADO JUNIOR,2012,
2006,SC,PESCARIA BRAVA,83925,4212650,81850,LAGUNA,20,1228,ESCOLA DE EDUCACAO BASICA DOMINGOS BARBOSA CABRAL,2012,
2006,SC,PESCARIA BRAVA,83925,4212650,81850,LAGUNA,20,1295,ESCOLA DE EDUCACAO BASICA PALMIRA MORAES DE MIRANDA,2012,
2010,MT,BOA ESPERANCA DO NORTE,73709,5101837,98930,SORRISO,43,1074,ESCOLA MUNICIPAL AGUA LIMPA,2024,
2010,MT,BOA ESPERANCA DO NORTE,73709,5101837,98930,SORRISO,43,1082,ESCOLA MUNICIPAL PROFESSORA VERA LUCIA SCHMIDT,2024,
2010,MT,BOA ESPERANCA DO NORTE,73709,5101837,98930,SORRISO,43,1244,ESCOLA MUNICIPAL BOA ESPERANCA,2024,
2010,RS,PINTO BANDEIRA,89540,4314548,85413,BENTO GONCALVES,8,1945,JOSE PANSERA - ESCOLA,2012,
2010,RS,PINTO BANDEIRA,89540,4314548,85413,BENTO GONCALVES,8,1953,SALAO SAO GABRIEL,2012,
2010,RS,PINTO BANDEIRA,89540,4314548,85413,BENTO GONCALVES,8,1996,BARAO DO MAUA - ESCOLA,2012,
2010,SC,BALNEARIO RINCAO,83909,4220000,81370,ICARA,79,1163,CENTRO DE EDUCACAO INFANTIL MUNDO ENCANTADO,2012,
2010,SC,BALNEARIO RINCAO,83909,4220000,81370,ICARA,79,1201,CENTRO DE EDUCACAO INFANTIL MUNDO ENCANTADO,2012,
2010,SC,BALNEARIO RINCAO,83909,4220000,81370,ICARA,79,1228,SALAO PAROQUIAL LAGOA DOS ESTEVES,2012,
2010,SC,BALNEARIO RINCAO,83909,4220000,81370,ICARA,79,1236,ESCOLA BASICA GERVASIO TEIXEIRA FERNANDES,2012,
2010,SC,BALNEARIO RINCAO,83909,4220000,81370,ICARA,79,1244,ESCOLA MUNICIPAL DE ENSINO FUNDAMENTAL PROF. AMELIA DE SOUZA SILVA,2012,
2010,SC,BALNEARIO RINCAO,83909,4220000,81370,ICARA,79,1252,ESCOLA DE EDUCACAO BASICA MELCHIADES BONIFACIO ESPINDOLA,2012,
2010,SC,BALNEARIO RINCAO,83909,4220000,81370,ICARA,79,1465,ESCOLA MUNICIPAL DE ENSINO FUNDAMENTAL JOSE REUS,2012,
2010,SC,PESCARIA BRAVA,83925,4212650,81850,LAGUNA,20,1201,ESCOLA DE EDUCACAO BASICA MARTINHO CALLADO JUNIOR,2012,
2010,SC,PESCARIA BRAVA,83925,4212650,81850,LAGUNA,20,1260,ESCOLA DE EDUCACAO BASICA PONTA DAS LARANJEIRAS,2012,
2010,SC,PESCARIA BRAVA,83925,4212650,81850,LAGUNA,20,1295,ESCOLA DE EDUCACAO BASICA PALMIRA MORAES DE MIRANDA,2012,
2010,SC,PESCARIA BRAVA,83925,4212650,81850,LAGUNA,20,1490,ESCOLA DE ENSINO FUNDAMENTAL PEDRO FRANCISCO DA SILVA,2012,
