ano,ibge,municipio,zona,local,nome,lon_corrigido,lat_corrigido,lon_tse,lat_tse,vizinho
2006,2933307,Vitória da Conquista,40,1791,ESCOLA MUNICIPAL OLÍMPIO JOSÉ DIAS,-41.127493,-14.847271,-41.1205508,-14.8221163,2901205
2008,2933307,Vitória da Conquista,40,1791,ESCOLA MUNICIPAL OLÍMPIO JOSÉ DIAS,-41.127493,-14.847271,-41.1205508,-14.8221163,2901205
2010,2933307,Vitória da Conquista,40,1791,ESCOLA MUNICIPAL OLÍMPIO JOSÉ DIAS,-41.127493,-14.847271,-41.1205508,-14.8221163,2901205
2012,2933307,Vitória da Conquista,40,1791,ESCOLA MUNICIPAL OLÍMPIO JOSÉ DIAS,-41.127493,-14.847271,-41.1205508,-14.8221163,2901205
2014,2933307,Vitória da Conquista,40,1791,ESCOLA MUNICIPAL OLÍMPIO JOSÉ DIAS,-41.127493,-14.847271,-41.1205508,-14.8221163,2901205
2016,2933307,Vitória da Conquista,40,1791,ESCOLA MUNICIPAL OLÍMPIO JOSÉ DIAS,-41.127493,-14.847271,-41.1205508,-14.8221163,2901205
2018,2933307,Vitória da Conquista,40,1791,ESCOLA MUNICIPAL OLÍMPIO JOSÉ DIAS,-41.127493,-14.847271,-41.1205508,-14.8221163,2901205
2020,2933307,Vitória da Conquista,40,1791,ESCOLA MUNICIPAL OLÍMPIO JOSÉ DIAS,-41.127493,-14.847271,-41.1205508,-14.8221163,2901205
2022,2933307,Vitória da Conquista,40,1791,ESCOLA MUNICIPAL OLÍMPIO JOSÉ DIAS,-41.127493,-14.847271,-41.1205508,-14.8221163,2901205
2006,2933307,Vitória da Conquista,40,2011,ESCOLA MUNICIPAL ALICE VELOSO,-40.729762,-14.727338,-40.7165201,-14.6338686,2901205
2008,2933307,Vitória da Conquista,40,2011,ESCOLA MUNICIPAL ALICE VELOSO,-40.729762,-14.727338,-40.7165201,-14.6338686,2901205
2010,2933307,Vitória da Conquista,40,2011,ESCOLA MUNICIPAL ALICE VELOSO,-40.729762,-14.727338,-40.7165201,-14.6338686,2901205
2012,2933307,Vitória da Conquista,40,2011,ESCOLA MUNICIPAL ALICE VELOSO,-40.729762,-14.727338,-40.7165201,-14.6338686,2901205
2014,2933307,Vitória da Conquista,40,2011,ESCOLA MUNICIPAL ALICE VELOSO,-40.729762,-14.727338,-40.7165201,-14.6338686,2901205
2016,2933307,Vitória da Conquista,40,2011,ESCOLA MUNICIPAL ALICE VELOSO,-40.729762,-14.727338,-40.7165201,-14.6338686,2901205
2018,2933307,Vitória da Conquista,40,2011,ESCOLA MUNICIPAL ALICE VELOSO,-40.729762,-14.727338,-40.7165201,-14.6338686,2901205
2020,2933307,Vitória da Conquista,40,2011,ESCOLA MUNICIPAL ALICE VELOSO,-40.729762,-14.727338,-40.7165201,-14.6338686,2901205
2022,2933307,Vitória da Conquista,40,2011,ESCOLA MUNICIPAL ALICE VELOSO,-40.729762,-14.727338,-40.7165201,-14.6338686,2901205
2024,2933307,Vitória da Conquista,40,2020,ESCOLA MUNICIPAL ISMAEL DE SOUZA,-40.94571,-14.68573,-40.9622192,-14.6695089,2901205
2006,2933307,Vitória da Conquista,40,2038,ESCOLA MUNICIPAL BOA SORTE,-40.727704,-14.7297719,-40.6758933,-14.5622529,2901205
2008,2933307,Vitória da Conquista,40,2038,ESCOLA MUNICIPAL BOA SORTE,-40.727704,-14.7297719,-40.6758933,-14.5622529,2901205
2012,2933307,Vitória da Conquista,40,2038,ESCOLA MUNICIPAL BOA SORTE,-40.727704,-14.7297719,-40.6758933,-14.5622529,2901205
2014,2933307,Vitória da Conquista,40,2038,ESCOLA MUNICIPAL BOA SORTE,-40.727704,-14.7297719,-40.6758933,-14.5622529,2901205
2016,2933307,Vitória da Conquista,40,2038,ESCOLA MUNICIPAL BOA SORTE,-40.727704,-14.7297719,-40.6758933,-14.5622529,2901205
2018,2933307,Vitória da Conquista,40,2038,ESCOLA MUNICIPAL BOA SORTE,-40.727704,-14.7297719,-40.6758933,-14.5622529,2901205
2020,2933307,Vitória da Conquista,40,2038,ESCOLA MUNICIPAL BOA SORTE,-40.727704,-14.7297719,-40.6758933,-14.5622529,2901205
2022,2933307,Vitória da Conquista,40,2038,ESCOLA MUNICIPAL BOA SORTE,-40.727704,-14.7297719,-40.6758933,-14.5622529,2901205
2024,2933307,Vitória da Conquista,40,2038,POSTO DE SAÚDE DE BOA SORTE,-40.727704,-14.7297719,-40.6761964,-14.5623329,2901205
2006,2933307,Vitória da Conquista,40,2089,ESCOLA MUNICIPAL JOVELINO ALVES DE OLIVEIRA,-40.7312686,-14.7245519,-40.9212948,-14.6268053,2901205
2008,2933307,Vitória da Conquista,40,2089,ESCOLA MUNICIPAL JOVELINO ALVES DE OLIVEIRA,-40.7312686,-14.7245519,-40.9212948,-14.6268053,2901205
2010,2933307,Vitória da Conquista,40,2089,ESCOLA MUNICIPAL JOVELINO ALVES DE OLIVEIRA,-40.7312686,-14.7245519,-40.9212948,-14.6268053,2901205
2012,2933307,Vitória da Conquista,40,2089,ESCOLA MUNICIPAL JOVELINO ALVES DE OLIVEIRA,-40.7312686,-14.7245519,-40.9212948,-14.6268053,2901205
2014,2933307,Vitória da Conquista,40,2089,ESCOLA MUNICIPAL JOVELINO ALVES DE OLIVEIRA,-40.7312686,-14.7245519,-40.9212948,-14.6268053,2901205
2016,2933307,Vitória da Conquista,40,2089,ESCOLA MUNICIPAL JOVELINO ALVES DE OLIVEIRA,-40.7312686,-14.7245519,-40.9212948,-14.6268053,2901205
2018,2933307,Vitória da Conquista,40,2089,ESCOLA MUNICIPAL JOVELINO ALVES DE OLIVEIRA,-40.7312686,-14.7245519,-40.9212948,-14.6268053,2901205
2020,2933307,Vitória da Conquista,40,2089,ESCOLA MUNICIPAL JOVELINO ALVES DE OLIVEIRA,-40.7312686,-14.7245519,-40.9212948,-14.6268053,2901205
2022,2933307,Vitória da Conquista,40,2089,ESCOLA MUNICIPAL JOVELINO ALVES DE OLIVEIRA,-40.7312686,-14.7245519,-40.9212948,-14.6268053,2901205
2024,2933307,Vitória da Conquista,40,2089,ESCOLA MUNICIPAL JOVELINO ALVES DE OLIVEIRA,-40.7312686,-14.7245519,-40.9214998,-14.62665,2901205
2006,2933307,Vitória da Conquista,40,2119,ESCOLA MUNICIPAL MARIA AMÉLIA RIBEIRO,-40.7298876,-14.7241963,-40.8083217,-14.6396697,2901205
2008,2933307,Vitória da Conquista,40,2119,ESCOLA MUNICIPAL MARIA AMÉLIA RIBEIRO,-40.7298876,-14.7241963,-40.8083217,-14.6396697,2901205
2010,2933307,Vitória da Conquista,40,2119,ESCOLA MUNICIPAL MARIA AMÉLIA RIBEIRO,-40.7298876,-14.7241963,-40.8083217,-14.6396697,2901205
2012,2933307,Vitória da Conquista,40,2119,ESCOLA MUNICIPAL MARIA AMÉLIA RIBEIRO,-40.7298876,-14.7241963,-40.8083217,-14.6396697,2901205
2014,2933307,Vitória da Conquista,40,2119,ESCOLA MUNICIPAL MARIA AMÉLIA RIBEIRO,-40.7298876,-14.7241963,-40.8083217,-14.6396697,2901205
2016,2933307,Vitória da Conquista,40,2119,ESCOLA MUNICIPAL MARIA AMÉLIA RIBEIRO,-40.7298876,-14.7241963,-40.8083217,-14.6396697,2901205
2018,2933307,Vitória da Conquista,40,2119,ESCOLA MUNICIPAL MARIA AMÉLIA RIBEIRO,-40.7298876,-14.7241963,-40.8083217,-14.6396697,2901205
2020,2933307,Vitória da Conquista,40,2119,ESCOLA MUNICIPAL MARIA AMÉLIA RIBEIRO,-40.7298876,-14.7241963,-40.8083217,-14.6396697,2901205
2022,2933307,Vitória da Conquista,40,2119,ESCOLA MUNICIPAL MARIA AMÉLIA RIBEIRO,-40.7298876,-14.7241963,-40.8083217,-14.6396697,2901205
2024,2933307,Vitória da Conquista,40,2119,ESCOLA MUNICIPAL MARIA AMÉLIA RIBEIRO,-40.7298876,-14.7241963,-40.8083217,-14.6396697,2901205
2006,2933307,Vitória da Conquista,40,2151,ESCOLA MUNICIPAL PAULINO SANTOS,-40.7267652,-14.7261195,-40.7935736,-14.6220642,2901205
2008,2933307,Vitória da Conquista,40,2151,ESCOLA MUNICIPAL PAULINO SANTOS,-40.7267652,-14.7261195,-40.7935736,-14.6220642,2901205
2010,2933307,Vitória da Conquista,40,2151,ESCOLA MUNICIPAL PAULINO SANTOS,-40.7267652,-14.7261195,-40.7935736,-14.6220642,2901205
2012,2933307,Vitória da Conquista,40,2151,ESCOLA MUNICIPAL PAULINO SANTOS,-40.7267652,-14.7261195,-40.7935736,-14.6220642,2901205
2014,2933307,Vitória da Conquista,40,2151,ESCOLA MUNICIPAL PAULINO SANTOS,-40.7267652,-14.7261195,-40.7935736,-14.6220642,2901205
2016,2933307,Vitória da Conquista,40,2151,ESCOLA MUNICIPAL PAULINO SANTOS,-40.7267652,-14.7261195,-40.7935736,-14.6220642,2901205
2018,2933307,Vitória da Conquista,40,2151,ESCOLA MUNICIPAL PAULINO SANTOS,-40.7267652,-14.7261195,-40.7935736,-14.6220642,2901205
2020,2933307,Vitória da Conquista,40,2151,ESCOLA MUNICIPAL PAULINO SANTOS,-40.7267652,-14.7261195,-40.7935736,-14.6220642,2901205
2022,2933307,Vitória da Conquista,40,2151,ESCOLA MUNICIPAL PAULINO SANTOS,-40.7267652,-14.7261195,-40.7935736,-14.6220642,2901205
2024,2933307,Vitória da Conquista,40,2151,ESCOLA MUNICIPAL PAULINO SANTOS,-40.7267652,-14.7261195,-40.7933942,-14.6220705,2901205
2006,2933307,Vitória da Conquista,40,2216,ESCOLA MUNICIPAL EUSTAQUIO BLEZZA SERRANO,-40.7322144,-14.7252741,-40.8494992,-14.6274468,2901205
2008,2933307,Vitória da Conquista,40,2216,ESCOLA MUNICIPAL EUSTAQUIO BLEZZA SERRANO,-40.7322144,-14.7252741,-40.8494992,-14.6274468,2901205
2010,2933307,Vitória da Conquista,40,2216,ESCOLA MUNICIPAL EUSTAQUIO BLEZZA SERRANO,-40.7322144,-14.7252741,-40.8494992,-14.6274468,2901205
2012,2933307,Vitória da Conquista,40,2216,ESCOLA MUNICIPAL EUSTAQUIO BLEZZA SERRANO,-40.7322144,-14.7252741,-40.8494992,-14.6274468,2901205
2014,2933307,Vitória da Conquista,40,2216,ESCOLA MUNICIPAL EUSTAQUIO BLEZZA SERRANO,-40.7322144,-14.7252741,-40.8494992,-14.6274468,2901205
2016,2933307,Vitória da Conquista,40,2216,ESCOLA MUNICIPAL EUSTAQUIO BLEZZA SERRANO,-40.7322144,-14.7252741,-40.8494992,-14.6274468,2901205
2018,2933307,Vitória da Conquista,40,2216,POSTO DE SAÚDE BAIXA DO MUQUÉM,-40.7322144,-14.7252741,-40.8494992,-14.6274468,2901205
2020,2933307,Vitória da Conquista,40,2216,POSTO DE SAÚDE BAIXA DO MUQUÉM,-40.7322144,-14.7252741,-40.8494992,-14.6274468,2901205
2022,2933307,Vitória da Conquista,40,2216,POSTO DE SAÚDE BAIXA DO MUQUÉM,-40.7322144,-14.7252741,-40.8494992,-14.6274468,2901205
2024,2933307,Vitória da Conquista,40,2216,POSTO DE SAÚDE BAIXA DO MUQUÉM,-40.7322144,-14.7252741,-40.8495256,-14.6274892,2901205
2010,2933307,Vitória da Conquista,40,2240,ESCOLA MUNICIPAL JOSÉ MAXIMILIANO FERNANDES,-40.78118,-15.118078,-40.6758933,-14.5622529,2901205
2006,2933307,Vitória da Conquista,40,2798,ESCOLA MUNICIPAL CORONEL GUGÉ,-40.7272457,-14.7253474,-40.7406068,-14.6388972,2901205
2008,2933307,Vitória da Conquista,40,2798,ESCOLA MUNICIPAL CORONEL GUGÉ,-40.7272457,-14.7253474,-40.7406068,-14.6388972,2901205
2010,2933307,Vitória da Conquista,40,2798,ESCOLA MUNICIPAL CORONEL GUGÉ,-40.7272457,-14.7253474,-40.7406068,-14.6388972,2901205
2012,2933307,Vitória da Conquista,40,2798,ESCOLA MUNICIPAL CORONEL GUGÉ,-40.7272457,-14.7253474,-40.7406068,-14.6388972,2901205
2014,2933307,Vitória da Conquista,40,2798,ESCOLA MUNICIPAL CORONEL GUGÉ,-40.7272457,-14.7253474,-40.7406068,-14.6388972,2901205
2016,2933307,Vitória da Conquista,40,2798,ESCOLA MUNICIPAL CORONEL GUGÉ,-40.7272457,-14.7253474,-40.7406068,-14.6388972,2901205
2018,2933307,Vitória da Conquista,40,2798,ESCOLA MUNICIPAL CORONEL GUGÉ,-40.7272457,-14.7253474,-40.7406068,-14.6388972,2901205
2020,2933307,Vitória da Conquista,40,2798,ESCOLA MUNICIPAL CORONEL GUGÉ,-40.7272457,-14.7253474,-40.7406068,-14.6388972,2901205
2022,2933307,Vitória da Conquista,40,2798,ESCOLA MUNICIPAL CORONEL GUGÉ,-40.7272457,-14.7253474,-40.7406068,-14.6388972,2901205
2012,2933307,Vitória da Conquista,40,3530,ESCOLA MUNICIPAL JOAQUIM VIANA ANDRADE,-40.718862,-14.746644,-40.7548379,-14.6005835,2901205
2014,2933307,Vitória da Conquista,40,3530,ESCOLA MUNICIPAL JOAQUIM VIANA ANDRADE,-40.718862,-14.746644,-40.7548379,-14.6005835,2901205
2016,2933307,Vitória da Conquista,40,3530,ESCOLA MUNICIPAL JOAQUIM VIANA ANDRADE,-40.718862,-14.746644,-40.7548379,-14.6005835,2901205
2018,2933307,Vitória da Conquista,40,3530,ESCOLA MUNICIPAL JOAQUIM VIANA ANDRADE,-40.718862,-14.746644,-40.7548379,-14.6005835,2901205
2020,2933307,Vitória da Conquista,40,3530,ESCOLA MUNICIPAL JOAQUIM VIANA ANDRADE,-40.718862,-14.746644,-40.7548379,-14.6005835,2901205
2022,2933307,Vitória da Conquista,40,3530,ESCOLA MUNICIPAL JOAQUIM VIANA ANDRADE,-40.718862,-14.746644,-40.7548379,-14.6005835,2901205
2012,2933307,Vitória da Conquista,40,3549,ESCOLA MUNICIPAL LÍRIOS DOS VALES,-40.7344979,-14.7262142,-40.7700631,-14.6323216,2901205
2014,2933307,Vitória da Conquista,40,3549,ESCOLA MUNICIPAL LÍRIOS DOS VALES,-40.7344979,-14.7262142,-40.7700631,-14.6323216,2901205
2016,2933307,Vitória da Conquista,40,3549,ESCOLA MUNICIPAL LÍRIOS DOS VALES,-40.7344979,-14.7262142,-40.7700631,-14.6323216,2901205
2018,2933307,Vitória da Conquista,40,3549,ESCOLA MUNICIPAL LÍRIOS DOS VALES,-40.7344979,-14.7262142,-40.7700631,-14.6323216,2901205
2020,2933307,Vitória da Conquista,40,3549,ESCOLA MUNICIPAL LÍRIOS DOS VALES,-40.7344979,-14.7262142,-40.7700631,-14.6323216,2901205
2022,2933307,Vitória da Conquista,40,3549,ESCOLA MUNICIPAL LÍRIOS DOS VALES,-40.7344979,-14.7262142,-40.7700631,-14.6323216,2901205
