aa_eleicao;UF;cd_cargo;ds_cargo;qt_votos_validos_qe;qt_vagas_qe;vr_quociente_eleitoral;ds_composicao_coligacao;Votos válidos composição;Vagas QP;Eleitas e eleitos por QP;Eleitas e eleitos por média
2002;AC;6;Deputado Federal;266661;8;33333;PDT / PTB / PPS;50304;1;1;0
2002;AC;6;Deputado Federal;266661;8;33333;PMDB / PSDB / PPB / PFL / PST;79384;2;2;1
2002;AC;6;Deputado Federal;266661;8;33333;PT / PV / PT do B / PMN / PC do B / PL / PSDC;116293;3;3;1
2002;AC;7;Deputado Estadual;278197;24;11592;PDT / PPS;27910;2;2;0
2002;AC;7;Deputado Estadual;278197;24;11592;PL / PV;21281;1;1;1
2002;AC;7;Deputado Estadual;278197;24;11592;PMDB / PFL / PST;39080;3;3;0
2002;AC;7;Deputado Estadual;278197;24;11592;PSB / PSC;22814;1;1;1
2002;AC;7;Deputado Estadual;278197;24;11592;PSDB / PPB;39765;3;3;1
2002;AC;7;Deputado Estadual;278197;24;11592;PSDC / PT do B;22755;1;1;1
2002;AC;7;Deputado Estadual;278197;24;11592;PT / PC do B / PMN;88258;7;7;2
2002;AL;6;Deputado Federal;1165608;9;129512;PMDB / PSDB;209355;1;1;1
2002;AL;6;Deputado Federal;1165608;9;129512;PSB / PAN / PSC / PHS / PST / PTC / PSDC / PV / PRP / PRONA / PGT / PSL;253468;1;1;1
2002;AL;6;Deputado Federal;1165608;9;129512;PT / PC do B / PL / PMN;156099;1;1;0
2002;AL;6;Deputado Federal;1165608;9;129512;PTB / PPS / PPB / PFL;454605;3;3;1
2002;AL;7;Deputado Estadual;1172323;27;43419;PDT;56296;1;1;0
2002;AL;7;Deputado Estadual;1172323;27;43419;PMN;46967;1;1;0
2002;AL;7;Deputado Estadual;1172323;27;43419;PRTB / PTB / PPS / PPB / PFL;373164;8;8;2
2002;AL;7;Deputado Estadual;1172323;27;43419;PSB / PRP / PGT / PSL / PV;257518;5;5;1
2002;AL;7;Deputado Estadual;1172323;27;43419;PSDB;104931;2;2;0
2002;AL;7;Deputado Estadual;1172323;27;43419;PSDC / PRONA / PTC / PAN / PHS / PSC;50041;1;1;0
2002;AL;7;Deputado Estadual;1172323;27;43419;PT / PL / PC do B;169614;3;3;1
2002;AL;7;Deputado Estadual;1172323;27;43419;PT do B;89825;2;2;0
2002;AM;6;Deputado Federal;1148892;8;143612;PFL / PPS / PTB / PSL / PTN / PSC / PRP;579856;4;4;0
2002;AM;6;Deputado Federal;1148892;8;143612;PT / PC do B / PL / PST / PCB / PRTB / PMN / PT do B;510994;3;3;1
2002;AM;7;Deputado Estadual;1151970;24;47999;PFL / PPS / PTB / PTN / PSC / PSDC;435470;9;9;2
2002;AM;7;Deputado Estadual;1151970;24;47999;PL / PST / PRTB;251517;5;5;1
2002;AM;7;Deputado Estadual;1151970;24;47999;PMDB;125173;2;2;1
2002;AM;7;Deputado Estadual;1151970;24;47999;PSDB;53412;1;1;0
2002;AM;7;Deputado Estadual;1151970;24;47999;PSL / PSD / PDT / PRP;75462;1;1;0
2002;AM;7;Deputado Estadual;1151970;24;47999;PT / PC do B / PCB / PMN / PT do B;107836;2;2;0
2002;AP;6;Deputado Federal;236535;8;29567;PDT / PTB / PT do B / PAN / PSD / PPS / PPB / PRTB / PSL ;99473;3;3;1
2002;AP;6;Deputado Federal;236535;8;29567;PMDB / PFL / PSDB ;40166;1;1;0
2002;AP;6;Deputado Federal;236535;8;29567;PSB / PRP;41760;1;1;0
2002;AP;6;Deputado Federal;236535;8;29567;PT / PL / PC do B / PMN / PCB / PSC / PHS / PST / PV / PRONA ;54349;1;1;1
2002;AP;7;Deputado Estadual;240960;24;10040;PDT / PPB / PSD ;53849;5;5;0
2002;AP;7;Deputado Estadual;240960;24;10040;PL;19051;1;1;1
2002;AP;7;Deputado Estadual;240960;24;10040;PMDB / PFL / PSDB ;48368;4;4;1
2002;AP;7;Deputado Estadual;240960;24;10040;PSB / PRP;36198;3;3;1
2002;AP;7;Deputado Estadual;240960;24;10040;PT / PC do B / PMN / PCB / PRONA ;31105;3;3;0
2002;AP;7;Deputado Estadual;240960;24;10040;PTB / PT do B / PRTB / PAN / PSL / PPS ;28349;2;2;1
2002;AP;7;Deputado Estadual;240960;24;10040;PV / PSC / PST / PHS ;23319;2;2;0
2002;BA;6;Deputado Federal;5956123;39;152721;PDT / PPS / PSDC / PSD / PHS / PRP / PT do B;316071;2;2;0
2002;BA;6;Deputado Federal;5956123;39;152721;PFL / PPB / PTB / PTN / PST ;2969834;19;19;3
2002;BA;6;Deputado Federal;5956123;39;152721;PMDB / PSC;508448;3;3;0
2002;BA;6;Deputado Federal;5956123;39;152721;PSDB;358734;2;2;0
2002;BA;6;Deputado Federal;5956123;39;152721;PT / PC do B / PV / PMN;1462215;9;9;1
2002;BA;7;Deputado Estadual;5898001;63;93619;PDT / PPS / PSDC / PSD / PHS / PRP / PT do B;582212;6;6;0
2002;BA;7;Deputado Estadual;5898001;63;93619;PFL / PTB;1795849;19;19;1
2002;BA;7;Deputado Estadual;5898001;63;93619;PGT / PSB;235767;2;2;0
2002;BA;7;Deputado Estadual;5898001;63;93619;PL;370576;3;3;1
2002;BA;7;Deputado Estadual;5898001;63;93619;PMDB / PSC;361913;3;3;1
2002;BA;7;Deputado Estadual;5898001;63;93619;PPB;646221;6;6;1
2002;BA;7;Deputado Estadual;5898001;63;93619;PSDB;274831;2;2;1
2002;BA;7;Deputado Estadual;5898001;63;93619;PST / PTN;345947;3;3;1
2002;BA;7;Deputado Estadual;5898001;63;93619;PT / PC do B / PV / PMN;1187751;12;12;1
2002;CE;6;Deputado Federal;3628331;22;164924;PDT  / PTN / PPS;278185;1;1;0
2002;CE;6;Deputado Federal;3628331;22;164924;PMDB / PFL ;1124676;6;6;1
2002;CE;6;Deputado Federal;3628331;22;164924;PSDB / PPB / PSD / PV ;1278367;7;7;2
2002;CE;6;Deputado Federal;3628331;22;164924;PT / PC do B / PL / PMN / PCB;816554;4;4;1
2002;CE;7;Deputado Estadual;3605815;46;78387;PAN / PT do B / PSL / PSC / PSDC / PRTB;83323;1;1;0
2002;CE;7;Deputado Estadual;3605815;46;78387;PC do B / PCB;119430;1;1;0
2002;CE;7;Deputado Estadual;3605815;46;78387;PDT;84401;1;1;0
2002;CE;7;Deputado Estadual;3605815;46;78387;PHS;172722;2;2;0
2002;CE;7;Deputado Estadual;3605815;46;78387;PL;213412;2;2;1
2002;CE;7;Deputado Estadual;3605815;46;78387;PMDB / PFL ;432751;5;5;1
2002;CE;7;Deputado Estadual;3605815;46;78387;PPB;185750;2;2;0
2002;CE;7;Deputado Estadual;3605815;46;78387;PPS / PTN;290905;3;3;1
2002;CE;7;Deputado Estadual;3605815;46;78387;PSB;156376;1;1;1
2002;CE;7;Deputado Estadual;3605815;46;78387;PSDB / PSD / PV ;1258993;16;16;2
2002;CE;7;Deputado Estadual;3605815;46;78387;PST;98557;1;1;0
2002;CE;7;Deputado Estadual;3605815;46;78387;PT;376791;4;4;1
2002;DF;6;Deputado Federal;1220576;8;152572;PCB / PC do B / PMN / PT;423108;2;2;1
2002;DF;6;Deputado Federal;1220576;8;152572;PFL / PMDB / PRP / PSD / PSDB;694305;4;4;1
2002;DF;8;Deputado Distrital;1231238;24;51302;PAN / PPB / PTC / PTN;112255;2;2;0
2002;DF;8;Deputado Distrital;1231238;24;51302;PCB / PC do B / PMN / PT;270410;5;5;1
2002;DF;8;Deputado Distrital;1231238;24;51302;PFL;119492;2;2;0
2002;DF;8;Deputado Distrital;1231238;24;51302;PHS / PSB / PV;54798;1;1;0
2002;DF;8;Deputado Distrital;1231238;24;51302;PL / PRTB;88450;1;1;1
2002;DF;8;Deputado Distrital;1231238;24;51302;PMDB / PSDB / PST;250306;4;4;2
2002;DF;8;Deputado Distrital;1231238;24;51302;PPS;62704;1;1;0
2002;DF;8;Deputado Distrital;1231238;24;51302;PRP / PSD;120924;2;2;1
2002;DF;8;Deputado Distrital;1231238;24;51302;PTB / PSDC / PRONA / PT do B;76930;1;1;0
2002;ES;6;Deputado Federal;1652841;10;165284;PDT / PTB / PST / PSDC / PRP;348250;2;2;0
2002;ES;6;Deputado Federal;1652841;10;165284;PPB / PMDB / PSDB ;650432;3;3;2
2002;ES;6;Deputado Federal;1652841;10;165284;PSB / PSD / PSC / PRONA / PT do B / PV / PAN / PSL / PHS;210465;1;1;0
2002;ES;6;Deputado Federal;1652841;10;165284;PT / PL / PMN / PC do B ;287004;1;1;1
2002;ES;7;Deputado Estadual;1657886;30;55263;PDT / PTB / PST / PSDC / PRP;260450;4;4;1
2002;ES;7;Deputado Estadual;1657886;30;55263;PFL / PRTB / PGT / PTC;298896;5;5;0
2002;ES;7;Deputado Estadual;1657886;30;55263;PPB / PMDB / PSDB ;406202;7;7;1
2002;ES;7;Deputado Estadual;1657886;30;55263;PPS;114206;2;2;0
2002;ES;7;Deputado Estadual;1657886;30;55263;PSB / PSD / PV / PT do B ;146147;2;2;0
2002;ES;7;Deputado Estadual;1657886;30;55263;PSL / PSC / PAN / PHS / PRONA;60500;1;1;0
2002;ES;7;Deputado Estadual;1657886;30;55263;PT / PL / PMN / PC do B ;368733;6;6;1
2002;GO;6;Deputado Federal;2610673;17;153569;PMDB;563476;3;3;1
2002;GO;6;Deputado Federal;2610673;17;153569;PPB / PSC / PFL / PAN / PSDC / PRP / PSDB ;1535216;9;9;2
2002;GO;6;Deputado Federal;2610673;17;153569;PT / PTN / PCB / PMN / PV / PC do B / PT do B;359631;2;2;0
2002;GO;7;Deputado Estadual;2624528;41;64013;/ PSC / PHS / PSD;113981;1;1;0
2002;GO;7;Deputado Estadual;2624528;41;64013;PDT / PPS;123553;1;1;1
2002;GO;7;Deputado Estadual;2624528;41;64013;PGT / PTC / PSB;64108;1;1;0
2002;GO;7;Deputado Estadual;2624528;41;64013;PL;109006;1;1;0
2002;GO;7;Deputado Estadual;2624528;41;64013;PMDB;514096;8;8;1
2002;GO;7;Deputado Estadual;2624528;41;64013;PPB / PFL / PSDB ;1107717;17;17;2
2002;GO;7;Deputado Estadual;2624528;41;64013;PSL / PST / PAN / PSDC / PRTB / PRP;203041;3;3;0
2002;GO;7;Deputado Estadual;2624528;41;64013;PT / PV / PC do B;293596;4;4;1
2002;MA;6;Deputado Federal;2427031;18;134835;PFL / PST / PSDC / PSC / PMDB / PSD / PV;1120715;8;8;1
2002;MA;6;Deputado Federal;2427031;18;134835;PL / PT / PMN / PC do B;253939;1;1;1
2002;MA;6;Deputado Federal;2427031;18;134835;PPB / PDT / PTB / PTN / PPS / PAN;544574;4;4;0
2002;MA;6;Deputado Federal;2427031;18;134835;PSB;149541;1;1;0
2002;MA;6;Deputado Federal;2427031;18;134835;PSDB;307370;2;2;0
2002;MA;7;Deputado Estadual;2417261;42;57554;PDT / PTB;370900;6;6;1
2002;MA;7;Deputado Estadual;2417261;42;57554;PFL / PST;753363;13;13;1
2002;MA;7;Deputado Estadual;2417261;42;57554;PL / PT / PMN / PC do B;199863;3;3;0
2002;MA;7;Deputado Estadual;2417261;42;57554;PPS / PTN / PPB / PAN;132780;2;2;0
2002;MA;7;Deputado Estadual;2417261;42;57554;PSB;93282;1;1;0
2002;MA;7;Deputado Estadual;2417261;42;57554;PSD / PSC / PSDC / PV / PMDB;554392;9;9;1
2002;MA;7;Deputado Estadual;2417261;42;57554;PSDB;190579;3;3;0
2002;MA;7;Deputado Estadual;2417261;42;57554;PT do B / PGT / PHS / PTC / PRTB / PSL;114214;1;1;1
2002;MG;6;Deputado Federal;9605817;53;181242;PDT / PPS;842348;4;4;1
2002;MG;6;Deputado Federal;9605817;53;181242;PMDB;1144079;6;6;0
2002;MG;6;Deputado Federal;9605817;53;181242;PSB;327570;1;1;0
2002;MG;6;Deputado Federal;9605817;53;181242;PSDB / PFL / PPB / PSL / PAN;3310387;18;18;2
2002;MG;6;Deputado Federal;9605817;53;181242;PST / PSC / PSDC / PSD / PRP / PT do B;467962;2;2;0
2002;MG;6;Deputado Federal;9605817;53;181242;PT / PC do B / PMN / PL;2803156;15;15;1
2002;MG;6;Deputado Federal;9605817;53;181242;PTB;377075;2;2;0
2002;MG;6;Deputado Federal;9605817;53;181242;PV / PTN / PRTB / PHS;289507;1;1;0
2002;MG;7;Deputado Estadual;9563911;77;124207;PDT;686313;5;5;0
2002;MG;7;Deputado Estadual;9563911;77;124207;PMDB;1074410;8;8;1
2002;MG;7;Deputado Estadual;9563911;77;124207;PPS;305229;2;2;0
2002;MG;7;Deputado Estadual;9563911;77;124207;PSB;440117;3;3;0
2002;MG;7;Deputado Estadual;9563911;77;124207;PSDB / PFL / PPB / PSL / PAN;2556548;20;20;2
2002;MG;7;Deputado Estadual;9563911;77;124207;PST / PSC / PSDC / PSD / PRP / PT do B;493598;3;3;1
2002;MG;7;Deputado Estadual;9563911;77;124207;PT / PL / PC do B;2715788;21;21;2
2002;MG;7;Deputado Estadual;9563911;77;124207;PTB;693936;5;5;1
2002;MG;7;Deputado Estadual;9563911;77;124207;PV / PTN / PRTB / PHS;417277;3;3;0
2002;MS;6;Deputado Federal;1095345;8;136918;PDT / PPS;142069;1;1;0
2002;MS;6;Deputado Federal;1095345;8;136918;PMDB / PRTB / PSDB;308150;2;2;0
2002;MS;6;Deputado Federal;1095345;8;136918;PPB / PTB / PST / PFL / PHS / PT do B;263229;1;1;1
2002;MS;6;Deputado Federal;1095345;8;136918;PT / PSL / PTN / PSC / PL / PSDC / PSD / PC do B;365077;2;2;1
2002;MS;7;Deputado Estadual;1096824;24;45701;PDT / PPS;169215;3;3;1
2002;MS;7;Deputado Estadual;1096824;24;45701;PHS / PT do B / PST;69428;1;1;0
2002;MS;7;Deputado Estadual;1096824;24;45701;PMDB / PRTB / PSDB;276275;6;6;0
2002;MS;7;Deputado Estadual;1096824;24;45701;PMN / PV;61101;1;1;0
2002;MS;7;Deputado Estadual;1096824;24;45701;PPB / PTB / PFL;127366;2;2;1
2002;MS;7;Deputado Estadual;1096824;24;45701;PT / PSL / PTN / PSC / PL / PSDC / PSD / PC do B;363091;7;7;2
2002;MT;6;Deputado Federal;1271192;8;158899;PMDB / PSDB;513023;3;3;1
2002;MT;6;Deputado Federal;1271192;8;158899;PPB / PTN / PSC / PPS / PFL / PAN / PSDC / PRTB / PSD / PV / PRP / PT do B ;384357;2;2;0
2002;MT;6;Deputado Federal;1271192;8;158899;PT / PL / PMN ;335140;2;2;0
2002;MT;7;Deputado Estadual;1278620;24;53276;PDT  / PTB;80175;1;1;0
2002;MT;7;Deputado Estadual;1278620;24;53276;PFL;140887;2;2;1
2002;MT;7;Deputado Estadual;1278620;24;53276;PHS / PTC / PSB;119486;2;2;0
2002;MT;7;Deputado Estadual;1278620;24;53276;PL / PMN;144990;2;2;1
2002;MT;7;Deputado Estadual;1278620;24;53276;PMDB;136228;2;2;1
2002;MT;7;Deputado Estadual;1278620;24;53276;PPB;57581;1;1;0
2002;MT;7;Deputado Estadual;1278620;24;53276;PPS;124446;2;2;0
2002;MT;7;Deputado Estadual;1278620;24;53276;PSDB;307836;5;5;2
2002;MT;7;Deputado Estadual;1278620;24;53276;PT / PC do B;128464;2;2;0
2002;PA;6;Deputado Federal;2661234;17;156543;PMDB;764437;4;4;1
2002;PA;6;Deputado Federal;2661234;17;156543;PPB / PFL;311339;1;1;1
2002;PA;6;Deputado Federal;2661234;17;156543;PSDB;524855;3;3;1
2002;PA;6;Deputado Federal;2661234;17;156543;PT / PCB / PL / PMN / PC do B;582673;3;3;1
2002;PA;6;Deputado Federal;2661234;17;156543;PTB / PDT / PPS / PTN;373080;2;2;0
2002;PA;7;Deputado Estadual;2654852;41;64752;PDT;139697;2;2;0
2002;PA;7;Deputado Estadual;2654852;41;64752;PMDB;498258;7;7;1
2002;PA;7;Deputado Estadual;2654852;41;64752;PPB / PFL;162398;2;2;0
2002;PA;7;Deputado Estadual;2654852;41;64752;PPS / PTN;66688;1;1;0
2002;PA;7;Deputado Estadual;2654852;41;64752;PSDB;433346;6;6;1
2002;PA;7;Deputado Estadual;2654852;41;64752;PSL / PSC / PHS / PSB / PGT / PTC;126507;1;1;1
2002;PA;7;Deputado Estadual;2654852;41;64752;PST / PSDC / PRTB / PSD / PV / PRP / PRONA / PT do B;294381;4;4;0
2002;PA;7;Deputado Estadual;2654852;41;64752;PT / PCB / PL / PMN / PC do B;667205;10;10;1
2002;PA;7;Deputado Estadual;2654852;41;64752;PTB;263336;4;4;0
2002;PB;6;Deputado Federal;1723096;12;143591;PDT / PTB / PSL / PPS / PRP;310123;2;2;0
2002;PB;6;Deputado Federal;1723096;12;143591;PPB / PMDB / PSDC / PHS;451803;3;3;0
2002;PB;6;Deputado Federal;1723096;12;143591;PSDB / PFL / PST / PSD / PV / PRTB;665841;4;4;1
2002;PB;6;Deputado Federal;1723096;12;143591;PT / PL / PSC / PMN / PC do B;264965;1;1;1
2002;PB;7;Deputado Estadual;1732752;36;48132;PDT / PTB;159033;3;3;0
2002;PB;7;Deputado Estadual;1732752;36;48132;PPB / PMDB / PSDC / PHS;507634;10;10;1
2002;PB;7;Deputado Estadual;1732752;36;48132;PSB / PTC / PTN / PAN / PT do B;109022;2;2;0
2002;PB;7;Deputado Estadual;1732752;36;48132;PSDB / PFL / PST / PSD / PV / PRTB;647766;13;13;1
2002;PB;7;Deputado Estadual;1732752;36;48132;PSL / PPS / PRP;64487;1;1;0
2002;PB;7;Deputado Estadual;1732752;36;48132;PT / PL / PSC / PMN / PC do B;242258;5;5;0
2002;PE;6;Deputado Federal;3812927;25;152517;PMDB / PFL / PPB / PSDB ;2011037;13;13;2
2002;PE;6;Deputado Federal;3812927;25;152517;PSB / PRTB / PT do B / PRP ;665555;4;4;0
2002;PE;6;Deputado Federal;3812927;25;152517;PSDC / PPS / PHS / PSC;184224;1;1;0
2002;PE;6;Deputado Federal;3812927;25;152517;PT / PC do B / PCB / PL / PMN / PST ;770296;5;5;0
2002;PE;7;Deputado Estadual;3810081;49;77757;PDT / PTB / PSL ;390642;5;5;0
2002;PE;7;Deputado Estadual;3810081;49;77757;PMDB / PFL / PPB / PSDB ;1605051;20;20;3
2002;PE;7;Deputado Estadual;3810081;49;77757;PSB / PRTB / PT do B / PRP ;379992;4;4;1
2002;PE;7;Deputado Estadual;3810081;49;77757;PSC;167670;2;2;0
2002;PE;7;Deputado Estadual;3810081;49;77757;PSDC / PPS / PHS ;193104;2;2;0
2002;PE;7;Deputado Estadual;3810081;49;77757;PT / PC do B / PCB / PL / PMN ;603155;7;7;1
2002;PE;7;Deputado Estadual;3810081;49;77757;PV / PSD;290598;3;3;1
2002;PI;6;Deputado Federal;1472161;10;147216;PFL / PSDB / PPB / PRTB / PSDC / PRP;792285;5;5;1
2002;PI;6;Deputado Federal;1472161;10;147216;PMDB / PST ;277344;1;1;1
2002;PI;6;Deputado Federal;1472161;10;147216;PT / PTN / PC do B / PL / PT do B / PAN / PCB / PMN;337471;2;2;0
2002;PI;7;Deputado Estadual;1461948;30;48732;PDT / PHS / PPS / PTB;157506;3;3;0
2002;PI;7;Deputado Estadual;1461948;30;48732;PFL / PSDB / PPB / PRTB / PSDC / PRP;789372;16;16;1
2002;PI;7;Deputado Estadual;1461948;30;48732;PMDB / PST ;268885;5;5;1
2002;PI;7;Deputado Estadual;1461948;30;48732;PT / PTN / PC do B / PL / PT do B / PAN / PCB / PMN;194559;3;3;1
2002;PR;6;Deputado Federal;5147035;30;171568;PDT / PTB / PTN / PPB / PRP / PT do B;1408768;8;8;0
2002;PR;6;Deputado Federal;5147035;30;171568;PMDB;986268;5;5;1
2002;PR;6;Deputado Federal;5147035;30;171568;PPS / PV ;338761;1;1;1
2002;PR;6;Deputado Federal;5147035;30;171568;PSDB / PFL / PSL / PAN;1104229;6;6;1
2002;PR;6;Deputado Federal;5147035;30;171568;PT / PHS / PCB / PC do B / PL ;1096271;6;6;1
2002;PR;7;Deputado Estadual;5189997;54;96111;PDT / PTB / PTN / PPB / PRP / PT do B;1343797;13;13;1
2002;PR;7;Deputado Estadual;5189997;54;96111;PMDB;726823;7;7;1
2002;PR;7;Deputado Estadual;5189997;54;96111;PPS / PV ;270928;2;2;1
2002;PR;7;Deputado Estadual;5189997;54;96111;PSB / PGT ;284225;2;2;1
2002;PR;7;Deputado Estadual;5189997;54;96111;PSC / PST;146903;1;1;0
2002;PR;7;Deputado Estadual;5189997;54;96111;PSDB / PFL / PSL / PAN;1284664;13;13;1
2002;PR;7;Deputado Estadual;5189997;54;96111;PT / PHS / PCB / PC do B / PL ;1013756;10;10;1
2002;RJ;6;Deputado Federal;8061181;46;175243;PDT / PTB / PPS ;782800;4;4;0
2002;RJ;6;Deputado Federal;8061181;46;175243;PFL / PMDB / PSDB;2510659;14;14;1
2002;RJ;6;Deputado Federal;8061181;46;175243;PSB / PPB / PST / PTC ;1913628;10;10;2
2002;RJ;6;Deputado Federal;8061181;46;175243;PSC / PGT / PSD / PRP ;332120;1;1;1
2002;RJ;6;Deputado Federal;8061181;46;175243;PSL / PL / PSDC;705257;4;4;0
2002;RJ;6;Deputado Federal;8061181;46;175243;PT / PC do B / PMN;1313912;7;7;1
2002;RJ;6;Deputado Federal;8061181;46;175243;PV;204217;1;1;0
2002;RJ;7;Deputado Estadual;8092578;70;115608;PDT / PTB / PPS ;649299;5;5;1
2002;RJ;7;Deputado Estadual;8092578;70;115608;PFL / PMDB / PSDB;2248633;19;19;1
2002;RJ;7;Deputado Estadual;8092578;70;115608;PL;431012;3;3;1
2002;RJ;7;Deputado Estadual;8092578;70;115608;PPB;662949;5;5;1
2002;RJ;7;Deputado Estadual;8092578;70;115608;PRONA;265750;2;2;0
2002;RJ;7;Deputado Estadual;8092578;70;115608;PSB / PST / PTC ;1383243;11;11;1
2002;RJ;7;Deputado Estadual;8092578;70;115608;PSC / PSD / PRP;332750;2;2;1
2002;RJ;7;Deputado Estadual;8092578;70;115608;PSL / PSDC ;232059;2;2;0
2002;RJ;7;Deputado Estadual;8092578;70;115608;PT / PC do B / PMN;1059460;9;9;0
2002;RJ;7;Deputado Estadual;8092578;70;115608;PT do B;322123;2;2;1
2002;RJ;7;Deputado Estadual;8092578;70;115608;PV;348318;3;3;0
2002;RN;6;Deputado Federal;1460644;8;182581;PMDB / PPB / PSDB / PHS / PT do B / PTN / PSD ;583054;3;3;1
2002;RN;6;Deputado Federal;1460644;8;182581;PT / PC do B / PMN / PL ;260109;1;1;0
2002;RN;6;Deputado Federal;1460644;8;182581;PTB / PFL / PV / PPS / PSL ;507874;2;2;1
2002;RN;7;Deputado Estadual;1462608;24;60942;PDT;102849;1;1;0
2002;RN;7;Deputado Estadual;1462608;24;60942;PMDB / PPB / PSDB / PHS / PT do B / PTN / PSD ;634177;10;10;2
2002;RN;7;Deputado Estadual;1462608;24;60942;PSB / PGT / PST ;148135;2;2;0
2002;RN;7;Deputado Estadual;1462608;24;60942;PT / PC do B / PMN / PL ;197376;3;3;0
2002;RN;7;Deputado Estadual;1462608;24;60942;PTB / PFL / PV / PPS / PSL ;328909;5;5;1
2002;RO;6;Deputado Federal;658831;8;82354;PFL / PL;99728;1;1;0
2002;RO;6;Deputado Federal;658831;8;82354;PMDB / PSL / PSD;161943;1;1;1
2002;RO;6;Deputado Federal;658831;8;82354;PSDB / PSDC / PV / PRP / PHS;94423;1;1;0
2002;RO;6;Deputado Federal;658831;8;82354;PT / PMN / PC do B;111316;1;1;1
2002;RO;6;Deputado Federal;658831;8;82354;PTB / PPB / PPS;153959;1;1;1
2002;RO;7;Deputado Estadual;658162;24;27423;PDT / PAN ;80609;2;2;1
2002;RO;7;Deputado Estadual;658162;24;27423;PFL;52850;1;1;1
2002;RO;7;Deputado Estadual;658162;24;27423;PL;47770;1;1;1
2002;RO;7;Deputado Estadual;658162;24;27423;PMDB / PSL / PSD;85807;3;3;1
2002;RO;7;Deputado Estadual;658162;24;27423;PPS;39909;1;1;0
2002;RO;7;Deputado Estadual;658162;24;27423;PSB;42392;1;1;0
2002;RO;7;Deputado Estadual;658162;24;27423;PSDB;65867;2;2;1
2002;RO;7;Deputado Estadual;658162;24;27423;PT / PMN / PC do B;86463;3;3;1
2002;RO;7;Deputado Estadual;658162;24;27423;PTB / PPB;107025;3;3;1
2002;RR;6;Deputado Federal;168972;8;21122;PFL / PSL / PL / PAN;73142;3;3;1
2002;RR;6;Deputado Federal;168972;8;21122;PPB / PDT / PTB / PPS;51617;2;2;1
2002;RR;6;Deputado Federal;168972;8;21122;PT / PST / PTN / PSDC / PHS / PMN / PRP / PC do B;34334;1;1;0
2002;RR;7;Deputado Estadual;170913;24;7121;PAN;7181;1;1;0
2002;RR;7;Deputado Estadual;170913;24;7121;PDT / PTB;18785;2;2;1
2002;RR;7;Deputado Estadual;170913;24;7121;PFL / PSL / PL;31236;4;4;1
2002;RR;7;Deputado Estadual;170913;24;7121;PMDB;10895;1;1;0
2002;RR;7;Deputado Estadual;170913;24;7121;PPB / PPS;13837;1;1;1
2002;RR;7;Deputado Estadual;170913;24;7121;PRP / PRONA;10828;1;1;0
2002;RR;7;Deputado Estadual;170913;24;7121;PSC / PTC / PSB / PSD;16356;2;2;1
2002;RR;7;Deputado Estadual;170913;24;7121;PSDB;18788;2;2;1
2002;RR;7;Deputado Estadual;170913;24;7121;PST;12379;1;1;1
2002;RR;7;Deputado Estadual;170913;24;7121;PT / PHS / PMN / PC do B / PT do B;9068;1;1;0
2002;RR;7;Deputado Estadual;170913;24;7121;PTN / PSDC;12602;1;1;1
2002;RS;6;Deputado Federal;5882526;31;189759;PDT / PAN;646403;3;3;0
2002;RS;6;Deputado Federal;5882526;31;189759;PL;193676;1;1;0
2002;RS;6;Deputado Federal;5882526;31;189759;PMDB / PHS;1024598;5;5;1
2002;RS;6;Deputado Federal;5882526;31;189759;PPB;1061039;5;5;1
2002;RS;6;Deputado Federal;5882526;31;189759;PPS / PFL / PT do B ;365479;1;1;1
2002;RS;6;Deputado Federal;5882526;31;189759;PSB;195296;1;1;0
2002;RS;6;Deputado Federal;5882526;31;189759;PSDB;300071;1;1;0
2002;RS;6;Deputado Federal;5882526;31;189759;PT / PCB / PMN / PC do B;1513609;7;7;1
2002;RS;6;Deputado Federal;5882526;31;189759;PTB;530111;2;2;1
2002;RS;7;Deputado Estadual;5948681;55;108158;PDT / PAN;689492;6;6;1
2002;RS;7;Deputado Estadual;5948681;55;108158;PMDB / PHS;931461;8;8;1
2002;RS;7;Deputado Estadual;5948681;55;108158;PPB;972096;8;8;2
2002;RS;7;Deputado Estadual;5948681;55;108158;PPS / PFL / PT do B ;467927;4;4;0
2002;RS;7;Deputado Estadual;5948681;55;108158;PSB;245848;2;2;0
2002;RS;7;Deputado Estadual;5948681;55;108158;PSDB;387986;3;3;0
2002;RS;7;Deputado Estadual;5948681;55;108158;PT / PCB / PMN / PC do B;1433191;13;13;1
2002;RS;7;Deputado Estadual;5948681;55;108158;PTB;676162;6;6;0
2002;SC;6;Deputado Federal;3066400;16;191650;PDT / PTB ;278791;1;1;0
2002;SC;6;Deputado Federal;3066400;16;191650;PMDB;736210;3;3;1
2002;SC;6;Deputado Federal;3066400;16;191650;PPB / PFL / PSL;990425;5;5;1
2002;SC;6;Deputado Federal;3066400;16;191650;PT / PL / PC do B / PMN;817360;4;4;1
2002;SC;7;Deputado Estadual;3101844;40;77546;PDT / PTB ;188990;2;2;0
2002;SC;7;Deputado Estadual;3101844;40;77546;PFL;591801;7;7;1
2002;SC;7;Deputado Estadual;3101844;40;77546;PMDB;544580;7;7;0
2002;SC;7;Deputado Estadual;3101844;40;77546;PPB;686164;8;8;2
2002;SC;7;Deputado Estadual;3101844;40;77546;PSDB;215597;2;2;1
2002;SC;7;Deputado Estadual;3101844;40;77546;PT / PL / PC do B / PMN;720660;9;9;1
2002;SE;6;Deputado Federal;866673;8;108334;PMDB / PTN / PV / PSDB;184176;1;1;1
2002;SE;6;Deputado Federal;866673;8;108334;PPB / PDT / PST / PPS / PFL / PHS / PSD / PT do B ;273786;2;2;1
2002;SE;6;Deputado Federal;866673;8;108334;PT / PC do B / PMN / PCB / PL ;271132;2;2;1
2002;SE;7;Deputado Estadual;876293;24;36512;PMDB / PTN / PV / PSDB;183068;5;5;0
2002;SE;7;Deputado Estadual;876293;24;36512;PPB / PDT / PST / PPS / PFL / PHS / PSD / PT do B ;336787;9;9;1
2002;SE;7;Deputado Estadual;876293;24;36512;PSB / PTC;45373;1;1;0
2002;SE;7;Deputado Estadual;876293;24;36512;PT / PC do B / PMN / PCB / PL ;200716;5;5;1
2002;SE;7;Deputado Estadual;876293;24;36512;PTB / PRTB / PSC;96651;2;2;0
2002;SP;6;Deputado Federal;19617270;70;280247;PMDB;1189010;4;4;0
2002;SP;6;Deputado Federal;19617270;70;280247;PPB / PL / PSDC / PTN ;1785743;6;6;0
2002;SP;6;Deputado Federal;19617270;70;280247;PRONA;1635393;5;5;1
2002;SP;6;Deputado Federal;19617270;70;280247;PSB;1350720;4;4;1
2002;SP;6;Deputado Federal;19617270;70;280247;PSDB / PFL / PSD ;4888249;17;17;1
2002;SP;6;Deputado Federal;19617270;70;280247;PT / PCB / PC do B;5186160;18;18;2
2002;SP;6;Deputado Federal;19617270;70;280247;PTB / PDT / PPS ;2408427;8;8;1
2002;SP;6;Deputado Federal;19617270;70;280247;PV;617162;2;2;0
2002;SP;7;Deputado Estadual;19558593;94;208070;PDT;836627;4;4;0
2002;SP;7;Deputado Estadual;19558593;94;208070;PGT / PHS / PST ;335066;1;1;0
2002;SP;7;Deputado Estadual;19558593;94;208070;PMDB;861108;4;4;0
2002;SP;7;Deputado Estadual;19558593;94;208070;PPB / PL / PSDC / PTN ;1975181;9;9;1
2002;SP;7;Deputado Estadual;19558593;94;208070;PPS;1052379;5;5;0
2002;SP;7;Deputado Estadual;19558593;94;208070;PRONA;890380;4;4;0
2002;SP;7;Deputado Estadual;19558593;94;208070;PSB;1180655;5;5;1
2002;SP;7;Deputado Estadual;19558593;94;208070;PSDB / PFL / PSD ;4894538;23;23;1
2002;SP;7;Deputado Estadual;19558593;94;208070;PT / PCB / PC do B;4957849;23;23;2
2002;SP;7;Deputado Estadual;19558593;94;208070;PTB;1179076;5;5;0
2002;SP;7;Deputado Estadual;19558593;94;208070;PTC / PRP / PSC / PT do B ;222811;1;1;0
2002;SP;7;Deputado Estadual;19558593;94;208070;PV;996254;4;4;1
2002;TO;6;Deputado Federal;589968;8;73746;PMDB;89727;1;1;0
2002;TO;6;Deputado Federal;589968;8;73746;PPB / PSL / PST / PFL / PAN / PRTB / PRP / PRONA / PT do B / PSD / PSDB;416977;5;5;2
2002;TO;7;Deputado Estadual;593097;24;24712;PL;27197;1;1;0
2002;TO;7;Deputado Estadual;593097;24;24712;PMDB;86698;3;3;1
2002;TO;7;Deputado Estadual;593097;24;24712;PPB / PFL / PAN / PRP / PRONA / PT do B;247334;10;10;1
2002;TO;7;Deputado Estadual;593097;24;24712;PPS / PDT;35613;1;1;0
2002;TO;7;Deputado Estadual;593097;24;24712;PSL / PST / PRTB / PSDB;102669;4;4;0
2002;TO;7;Deputado Estadual;593097;24;24712;PT / PC do B / PMN;37410;1;1;0
2002;TO;7;Deputado Estadual;593097;24;24712;PTN / PSDC / PV / PTB;41375;1;1;1
